"Contact_Name","Status","Course_Name","Amount","Paid","Debt","Reg_Date","Course_Name","Pay_Date","StudyAgreement","askTeacher","NumOfMiss","Start_date","End_Date","Deal_Name","Discount_Reason","Discount_Reason2","interest","hybrid"
DE7773AD-EF76-E411-9DC2-005056BD5C9D,861650000,"",0,0,1,,"7B67D356-2EBC-E411-AA57-005056BD5C9D",,False,"",0,,,E17773AD-EF76-E411-9DC2-005056BD5C9D,"","","",
"1AD02E8A-D368-ED11-9123-00505697537D",861650000,"932E9F9A-AD4F-ED11-9F15-00505697537D",8270,0,0,,FEC61769-2FE6-EC11-9866-00505697537D,"0000-00-00",False,"",0,"0000-00-00","0000-00-00","1ED02E8A-D368-ED11-9123-00505697537D","","",dda7219a-a686-e011-942d-005056bd3748,861650002
DD7C9D80-8548-E411-A909-005056BD5C9D,861650000,"",0,0,1,,"0EF407FB-84B0-E111-8DED-005056BD5C9D","0000-00-00",False,"",0,,,E07C9D80-8548-E411-A909-005056BD5C9D,"","","",
"605E9102-6C07-E911-AD77-00505697537D",861650000,"",0,248,1,,"54F1AEA6-73E2-EC11-BB62-00505697537D",,False,"",0,,,"9C69865C-3092-EC11-A8C8-00505697537D","","","",861650002
E3238245-7D8D-E811-8A51-00505697537D,861650000,"",0,0,1,"2024-12-00","79A6459D-61FE-E611-A6A0-0050569937A8",,False,"",0,,,E6238245-7D8D-E811-8A51-00505697537D,"","","",
"4AA96A55-C7F0-E311-8ABD-005056BD5C9D",861650000,"",0,0,1,,C10570A7-DE68-E411-BD7A-005056BD5C9D,,False,"",0,,,"169E108C-845C-E511-84F0-005056BD5C9D","","","",
"17C5D087-3992-E311-BBAE-005056BD5C9D",861650000,"",0,0,1,,"5E6EFF84-5562-E311-AA03-005056BD5C9D",,False,"",0,,,"053E408E-3992-E311-BBAE-005056BD5C9D","","","",
"97A2F675-1B38-EC11-94F7-00505697537D",861650000,"",0,248,1,,C4CB7070-6826-EC11-A8D9-00505697537D,,False,"",0,,,"9BA2F675-1B38-EC11-94F7-00505697537D","","","",
"37DB3428-01A5-E311-BBAE-005056BD5C9D",861650000,"",0,0,1,"2059-00-00","9366E5B3-FCA8-E311-BEF5-005056BD5C9D",,False,"",0,,,"39DB3428-01A5-E311-BBAE-005056BD5C9D","","","",
C3CA98FB-58D0-E811-8A51-00505697537D,861650000,"",3880,0,0,,"6729CB72-FBD5-E811-8A51-00505697537D",,False,"",0,,,"0207B7D9-868B-E911-BBFD-00505697537D",סופשנה אנגלית.מ בפגישה,"",b834d78e-e466-e711-a4e6-00505697537d,
"2E7F4EF6-5E30-E911-AD77-00505697537D",861650000,"",7970,0,0,,"10309103-699F-E611-9CA1-005056BD5C9D","0000-00-00",False,"",0,,,"6DC76709-5F30-E911-AD77-00505697537D","","","",
BA85483B-7D96-E411-AA57-005056BD5C9D,861650000,"",0,0,1,,ACF042DA-4E31-E211-A22E-005056BD5C9D,"0000-00-00",False,"",0,,,BC85483B-7D96-E411-AA57-005056BD5C9D,"","","",
F45D0C0E-8122-E711-80D6-0050569937A8,861650002,"756F78A9-330D-E711-A6A0-0050569937A8",7690,7690,1,,"37ADB6E4-A28D-E311-BBAE-005056BD5C9D","0000-00-00",False,"",0,"0000-00-00","0000-00-00","6950B519-8122-E711-80D6-0050569937A8","","","",
"4FBD5CC7-85AC-E511-BAC6-005056BD5C9D",861650000,"",0,0,1,"2046-05-00",B60F7515-8F8D-E311-BBAE-005056BD5C9D,"0000-00-00",False,"",0,,,"8C3F6FCD-85AC-E511-BAC6-005056BD5C9D","","","",
"31F37A16-D0EE-E611-A6A0-0050569937A8",861650000,"",0,50,1,,B9182CC5-5CFE-E611-A6A0-0050569937A8,,False,"",0,,,D9AE164A-18F8-E611-A6A0-0050569937A8,"","","",
"84854A65-25CA-EC11-AB9D-00505697537D",861650000,"5B3A042C-49F8-EC11-B082-00505697537D",8270,0,0,"2038-11-00",C4CB7070-6826-EC11-A8D9-00505697537D,"2038-09-00",False,"",0,"0000-00-00","0000-00-00","4BF9D482-25CA-EC11-AB9D-00505697537D","","","",861650002
"46788527-A351-E711-A227-0050569937A8",861650000,"",0,0,1,,BB1470AF-2079-E811-B9FF-00505697537D,,False,"",0,,,"7A66F5CF-BB7A-E811-B9FF-00505697537D",סופשנה אנגלית.מ בפגישה,"","",
"2FA76EC9-8421-E111-BF57-005056BD3748",861650000,"",0,0,1,"2050-09-00","57189B42-8E8D-E311-BBAE-005056BD5C9D","0000-00-00",False,"",0,,,"45D80E52-31C0-E411-A56B-005056BD5C9D","","","",
"48A99006-5E67-E411-BD7A-005056BD5C9D",861650000,DB64D148-5034-E911-AD77-00505697537D,7970,0,0,,C66D79D9-3FDB-E311-8ABD-005056BD5C9D,"0000-00-00",False,"",0,"0000-00-00","0000-00-00","57DDDA40-68E2-E811-8A51-00505697537D","","","",
"564744E9-F6FE-E411-A45F-005056BD5C9D",861650002,"72CB9340-F422-E511-9B94-005056BD5C9D",7306,7306,1,,"85363B3A-8D8D-E311-BBAE-005056BD5C9D","0000-00-00",False,"",0,"0000-00-00","0000-00-00","594744E9-F6FE-E411-A45F-005056BD5C9D","","","",
"5C594EBF-9AFF-E411-A45F-005056BD5C9D",861650000,"8CA29307-10EC-E411-BB10-005056BD5C9D",0,,1,,"0EF407FB-84B0-E111-8DED-005056BD5C9D","0000-00-00",False,"",0,"0000-00-00","0000-00-00","5E594EBF-9AFF-E411-A45F-005056BD5C9D","","","",
CD2526F3-7687-E311-AE60-005056BD5C9D,861650001,"815D0A4B-8D9C-E311-BBAE-005056BD5C9D",0,0,1,,B766A564-68E9-E211-8A3C-005056BD5C9D,"0000-00-00",False,"",0,"0000-00-00","0000-00-00",D62526F3-7687-E311-AE60-005056BD5C9D,"","","",
"4F00DD96-44ED-E211-8A3C-005056BD5C9D",861650000,"",370,0,0,,"7E34EA86-6460-E511-BAC6-005056BD5C9D","0000-00-00",False,"",0,,,E6A450C4-0C82-E511-BAC6-005056BD5C9D,"","","",
"6379198E-C9D4-EB11-BF00-00505697537D",861650002,"14CF2E72-B7D1-EB11-BF00-00505697537D",8270,8270,1,,"0FFBBA23-3732-EB11-B993-00505697537D","0000-00-00",False,"",0,"0000-00-00","0000-00-00","6779198E-C9D4-EB11-BF00-00505697537D","","",dda7219a-a686-e011-942d-005056bd3748,
"695DDBD5-4A95-EC11-A8C8-00505697537D",861650000,"93180BF4-B7B0-EC11-A8C8-00505697537D",370,0,0,,D7DDB340-014D-EC11-A8C8-00505697537D,"0000-00-00",False,"",0,"0000-00-00","0000-00-00","6D5DDBD5-4A95-EC11-A8C8-00505697537D","","","35a1b88f-a686-e011-942d-005056bd3748",861650002
"58ACDAF4-BB20-E511-A45F-005056BD5C9D",861650000,"1C3B6C94-F822-E511-9B94-005056BD5C9D",0,0,1,"2043-11-00","57189B42-8E8D-E311-BBAE-005056BD5C9D","0000-00-00",False,"",0,"0000-00-00","0000-00-00","5BACDAF4-BB20-E511-A45F-005056BD5C9D","","","",
"27CB1836-ED1C-EA11-9AB9-00505697537D",861650002,DB252A4D-88A6-EB11-AB02-00505697537D,7970,7970,1,,E81E6D1C-5DF9-E811-AD77-00505697537D,"0000-00-00",False,"",0,"0000-00-00","0000-00-00",F36A263C-ED1C-EA11-9AB9-00505697537D,"","",dda7219a-a686-e011-942d-005056bd3748,
ABF29D15-5490-EB11-80F0-00505697537D,861650000,"",0,239,1,,"68AA579E-5DF9-E811-AD77-00505697537D",,False,"",0,,,"109B6727-5490-EB11-80F0-00505697537D","","",dda7219a-a686-e011-942d-005056bd3748,
"1E38BEDE-A72B-EA11-A573-00505697537D",,"776BE6B8-F865-EB11-B424-00505697537D",7970,,0,,A9180532-5FF9-E811-AD77-00505697537D,,False,"",0,"0000-00-00","0000-00-00",B933DF15-5690-EB11-80F0-00505697537D,"","",dda7219a-a686-e011-942d-005056bd3748,
A930455E-2F4E-E911-9027-00505697537D,861650002,EECD7FE7-5A09-EB11-B993-00505697537D,7970,7970,1,"2021-04-00","69BBC4F1-5EF9-E811-AD77-00505697537D","0000-00-00",False,"",0,"0000-00-00","0000-00-00","1210DEA8-5590-EB11-80F0-00505697537D","","",dda7219a-a686-e011-942d-005056bd3748,
"8C6BB659-5690-EB11-80F0-00505697537D",,"45ECE5F5-CB45-EB11-974B-00505697537D",7970,,0,,E9169E86-60F9-E811-AD77-00505697537D,,False,"",0,"0000-00-00","0000-00-00","906BB659-5690-EB11-80F0-00505697537D","","",dda7219a-a686-e011-942d-005056bd3748,
C6F3645C-5890-EB11-80F0-00505697537D,861650000,"10FDD345-384F-EB11-974B-00505697537D",0,239,1,"2013-00-00","2B80983E-CB2F-EB11-B993-00505697537D","2001-03-00",False,"",0,"0000-00-00","0000-00-00",CAF3645C-5890-EB11-80F0-00505697537D,"","","",
"4409B5FB-1B80-EB11-A4F8-00505697537D",861650002,"6DC09499-5B09-EB11-B993-00505697537D",7571,7571,1,,F2950A89-DAF0-EA11-B993-00505697537D,"0000-00-00",False,"",0,"0000-00-00","0000-00-00","059A1E15-1C80-EB11-A4F8-00505697537D",אחר,"",dda7219a-a686-e011-942d-005056bd3748,
"9197151A-5B90-EB11-80F0-00505697537D",861650002,A9B9F5F6-3C4F-EB11-974B-00505697537D,7970,7970,1,"2003-08-00","1455983C-61F9-E811-AD77-00505697537D","0000-00-00",False,"",0,"0000-00-00","0000-00-00","9597151A-5B90-EB11-80F0-00505697537D","","",dda7219a-a686-e011-942d-005056bd3748,
"9ABC3B43-5D90-EB11-80F0-00505697537D",861650002,"776BE6B8-F865-EB11-B424-00505697537D",7970,7970,1,"2024-00-00",A9180532-5FF9-E811-AD77-00505697537D,"0000-00-00",False,"",0,"0000-00-00","0000-00-00","7C37254D-5D90-EB11-80F0-00505697537D","","","",
"75EFE24F-5C90-EB11-80F0-00505697537D",861650002,"5294F041-3C4F-EB11-974B-00505697537D",7970,7970,1,,"687506D6-60F9-E811-AD77-00505697537D","0000-00-00",False,"",0,"0000-00-00","0000-00-00","79EFE24F-5C90-EB11-80F0-00505697537D","","","",
"650F1F16-5A90-EB11-80F0-00505697537D",861650002,F64C6708-5009-EB11-B993-00505697537D,7970,7970,1,,C97E3976-60F9-E811-AD77-00505697537D,"0000-00-00",False,"",0,"0000-00-00","0000-00-00","6A0F1F16-5A90-EB11-80F0-00505697537D","","",dda7219a-a686-e011-942d-005056bd3748,
"6F93E6FC-9BA2-E711-BFC0-00505697537D",861650002,"6DC09499-5B09-EB11-B993-00505697537D",2970,2970,1,,F2950A89-DAF0-EA11-B993-00505697537D,"0000-00-00",False,"",0,"0000-00-00","0000-00-00","3C9180AF-A860-EB11-B424-00505697537D","","","",
CC2FF6F7-6090-EB11-80F0-00505697537D,861650000,F64C6708-5009-EB11-B993-00505697537D,0,797,1,"2042-04-00",C97E3976-60F9-E811-AD77-00505697537D,,False,"",0,"0000-00-00","0000-00-00","64AC8802-6190-EB11-80F0-00505697537D","","",dda7219a-a686-e011-942d-005056bd3748,
EEF1DFAE-5F90-EB11-80F0-00505697537D,,"10FDD345-384F-EB11-974B-00505697537D",7970,,0,,"2B80983E-CB2F-EB11-B993-00505697537D",,False,"",0,"0000-00-00","0000-00-00","7B2218E3-5F90-EB11-80F0-00505697537D","","",dda7219a-a686-e011-942d-005056bd3748,
"3447D3E3-6290-EB11-80F0-00505697537D",861650002,C7A3B8D7-5109-EB11-B993-00505697537D,7970,7970,1,,"6C5D4825-60F9-E811-AD77-00505697537D","0000-00-00",False,"",0,"0000-00-00","0000-00-00","976A2CF0-6290-EB11-80F0-00505697537D","","","",
"7204B332-6190-EB11-80F0-00505697537D",861650000,"",7970,0,0,,"299BF3C9-5DF9-E811-AD77-00505697537D","0000-00-00",False,"",0,,,"9B899378-6190-EB11-80F0-00505697537D","","","",
"7DBB4C15-0AA0-EA11-AC48-00505697537D",861650002,"6DC09499-5B09-EB11-B993-00505697537D",0,0,1,,F2950A89-DAF0-EA11-B993-00505697537D,,False,"",0,"0000-00-00","0000-00-00","5EA610C1-ED69-EB11-B424-00505697537D","","",dda7219a-a686-e011-942d-005056bd3748,
F4DBDFF7-6390-EB11-80F0-00505697537D,,"4990CC30-3A4F-EB11-974B-00505697537D",7970,,0,,"88FFCB58-61F9-E811-AD77-00505697537D",,False,"",0,"0000-00-00","0000-00-00",F8DBDFF7-6390-EB11-80F0-00505697537D,"","",dda7219a-a686-e011-942d-005056bd3748,
EB989730-58F2-E811-8A51-00505697537D,,"",5151,,0,,DFF0DD68-DCD6-EA11-81AC-00505697537D,,False,"",0,,,EAF27FAB-6490-EB11-80F0-00505697537D,"","","35a1b88f-a686-e011-942d-005056bd3748",
EB989730-58F2-E811-8A51-00505697537D,,"",5151,,0,,"8C955252-DCD6-EA11-81AC-00505697537D",,False,"",0,,,EAF27FAB-6490-EB11-80F0-00505697537D,"","","35a1b88f-a686-e011-942d-005056bd3748",
DEF27FAB-6490-EB11-80F0-00505697537D,,"02F02099-5309-EB11-B993-00505697537D",7970,,0,,EB5F9843-60F9-E811-AD77-00505697537D,,False,"",0,"0000-00-00","0000-00-00","3D2931B8-6490-EB11-80F0-00505697537D","","",dda7219a-a686-e011-942d-005056bd3748,
"17006719-6390-EB11-80F0-00505697537D",861650002,"052E9A68-3C4F-EB11-974B-00505697537D",7970,7970,1,,"889DB952-61F9-E811-AD77-00505697537D",,False,"",0,"0000-00-00","0000-00-00","1A006719-6390-EB11-80F0-00505697537D","","",dda7219a-a686-e011-942d-005056bd3748,
E90DE96B-6590-EB11-80F0-00505697537D,,"2B16C36B-5309-EB11-B993-00505697537D",7970,,0,,A8F942A9-5FF9-E811-AD77-00505697537D,,False,"",0,"0000-00-00","0000-00-00",EE0DE96B-6590-EB11-80F0-00505697537D,"","",dda7219a-a686-e011-942d-005056bd3748,
BEB352F5-C2AB-EA11-A8DD-00505697537D,861650000,"440E967D-0EFC-EA11-B993-00505697537D",0,0,1,,"43A5CE32-B19D-EA11-AC48-00505697537D","2027-05-00",False,"",0,"0000-00-00","0000-00-00","395A91EE-808D-EB11-A4F8-00505697537D","","","35a1b88f-a686-e011-942d-005056bd3748",
BEB352F5-C2AB-EA11-A8DD-00505697537D,861650000,FFCB78CF-FDFB-EA11-B993-00505697537D,0,311,1,,CF031C49-47BF-EA11-81AC-00505697537D,"2027-07-00",False,"",0,"0000-00-00","0000-00-00","395A91EE-808D-EB11-A4F8-00505697537D","","","35a1b88f-a686-e011-942d-005056bd3748",
"3D7749DC-68CE-E511-8C72-005056BD5C9D",861650002,"8FEF755C-C1FC-E511-B7B1-005056BD5C9D",7690,0,0,,A02C6CB4-A18D-E311-BBAE-005056BD5C9D,"0000-00-00",False,"",0,"0000-00-00","0000-00-00",A37DF306-69CE-E511-8C72-005056BD5C9D,"","","",
"4443B2B1-6690-EB11-80F0-00505697537D",,FF952434-5009-EB11-B993-00505697537D,7970,,0,,C97E3976-60F9-E811-AD77-00505697537D,,False,"",0,"0000-00-00","0000-00-00","2E0F0CB8-6690-EB11-80F0-00505697537D","","",dda7219a-a686-e011-942d-005056bd3748,
"46EE844C-5FFE-EA11-B993-00505697537D",861650002,"2851DD35-11FC-EA11-B993-00505697537D",370,370,1,,E3625C18-11FC-EA11-B993-00505697537D,"0000-00-00",False,"",0,"0000-00-00","0000-00-00","13713A1A-6790-EB11-80F0-00505697537D","","","",
"91DC99A2-DD99-EA11-AC48-00505697537D",861650002,EFBF3287-5B09-EB11-B993-00505697537D,0,0,1,,F2950A89-DAF0-EA11-B993-00505697537D,,False,"",0,"0000-00-00","0000-00-00","6DE0E7D5-AE2C-EB11-B993-00505697537D","","",dda7219a-a686-e011-942d-005056bd3748,
"36D39FDA-C17E-E811-B9FF-00505697537D",861650002,DC5B1DF3-8676-EB11-A4F8-00505697537D,7970,7970,1,,"497CD67B-5EF9-E811-AD77-00505697537D","0000-00-00",False,"",0,"0000-00-00","0000-00-00","20D6C9E3-6790-EB11-80F0-00505697537D","","",dda7219a-a686-e011-942d-005056bd3748,
"54416925-7F70-E711-986E-00505697537D",861650002,"90C081E5-4F09-EB11-B993-00505697537D",0,0,1,,"65E721DF-B587-EA11-AC48-00505697537D",,False,"",0,"0000-00-00","0000-00-00","3BEF74FE-BD16-EB11-B993-00505697537D",אחר,קורס חוזר קורונה,dda7219a-a686-e011-942d-005056bd3748,
"328D696F-6890-EB11-80F0-00505697537D",,"86470151-3D4F-EB11-974B-00505697537D",7970,,0,,"6B834B0B-6B17-EB11-B993-00505697537D",,False,"",0,"0000-00-00","0000-00-00","368D696F-6890-EB11-80F0-00505697537D","","",dda7219a-a686-e011-942d-005056bd3748,
"9FC47050-4348-EB11-974B-00505697537D",861650002,"440E967D-0EFC-EA11-B993-00505697537D",370,370,1,,"43A5CE32-B19D-EA11-AC48-00505697537D",,False,"",0,"0000-00-00","0000-00-00",D848FCF9-6890-EB11-80F0-00505697537D,"","","35a1b88f-a686-e011-942d-005056bd3748",
"9FC47050-4348-EB11-974B-00505697537D",861650002,"4CDA48C2-F7FB-EA11-B993-00505697537D",6561,6560,1,,A3774BC2-0A95-EA11-AC48-00505697537D,"0000-00-00",False,"",0,"0000-00-00","0000-00-00",D848FCF9-6890-EB11-80F0-00505697537D,"","","35a1b88f-a686-e011-942d-005056bd3748",
FEF3345E-6B90-EB11-80F0-00505697537D,861650002,EFBF3287-5B09-EB11-B993-00505697537D,7970,7970,1,,F2950A89-DAF0-EA11-B993-00505697537D,"0000-00-00",False,"",0,"0000-00-00","0000-00-00","02F4345E-6B90-EB11-80F0-00505697537D","","",dda7219a-a686-e011-942d-005056bd3748,
FACC19CD-6C90-EB11-80F0-00505697537D,861650000,"052E9A68-3C4F-EB11-974B-00505697537D",0,,1,,"889DB952-61F9-E811-AD77-00505697537D",,False,"",0,"0000-00-00","0000-00-00",FECC19CD-6C90-EB11-80F0-00505697537D,"","",dda7219a-a686-e011-942d-005056bd3748,
"4023FEBD-F3C7-E911-BC50-00505697537D",,"440E967D-0EFC-EA11-B993-00505697537D",370,,0,,"43A5CE32-B19D-EA11-AC48-00505697537D",,False,"",0,"0000-00-00","0000-00-00","5C242971-6D90-EB11-80F0-00505697537D","","","35a1b88f-a686-e011-942d-005056bd3748",
"4023FEBD-F3C7-E911-BC50-00505697537D",,FFCB78CF-FDFB-EA11-B993-00505697537D,9113,,0,,CF031C49-47BF-EA11-81AC-00505697537D,,False,"",0,"0000-00-00","0000-00-00","5C242971-6D90-EB11-80F0-00505697537D","","","35a1b88f-a686-e011-942d-005056bd3748",
A4729AD5-6E90-EB11-80F0-00505697537D,,"",7970,,0,,"084C9489-5DF9-E811-AD77-00505697537D",,False,"",0,,,BE090FF7-6E90-EB11-80F0-00505697537D,"","","",
ECD8DAEA-FC14-EA11-9AB9-00505697537D,861650002,"75113AE3-4E09-EB11-B993-00505697537D",7970,7970,1,,"65E721DF-B587-EA11-AC48-00505697537D","0000-00-00",False,"",0,"0000-00-00","0000-00-00",B09315C6-7565-EB11-B424-00505697537D,"","","",
"3D4F1D27-7090-EB11-80F0-00505697537D",861650002,"5E8902D9-3C4F-EB11-974B-00505697537D",7970,7970,1,"2031-03-00",CAAEAAC4-61F9-E811-AD77-00505697537D,"0000-00-00",False,"",0,"0000-00-00","0000-00-00","414F1D27-7090-EB11-80F0-00505697537D","","",dda7219a-a686-e011-942d-005056bd3748,
CA457005-98D4-EA11-81AC-00505697537D,861650000,"57FBCB4F-5A09-EB11-B993-00505697537D",970,0,0,,"4890E8AF-5EF9-E811-AD77-00505697537D","0000-00-00",False,"",0,"0000-00-00","0000-00-00",E093686A-7190-EB11-80F0-00505697537D,"","",dda7219a-a686-e011-942d-005056bd3748,
"5936EBE8-F387-EB11-A4F8-00505697537D",861650002,"1B2795DA-2E66-EB11-B424-00505697537D",3881,3881,1,,"2B937226-8F1E-EB11-B993-00505697537D","0000-00-00",False,"",0,"0000-00-00","0000-00-00","5C36EBE8-F387-EB11-A4F8-00505697537D",סופשנה אנגלית תלמיד עבר בפגישה,"",b834d78e-e466-e711-a4e6-00505697537d,
"70E22DF1-E58A-EB11-A4F8-00505697537D",861650002,"6720D6C6-F98A-EB11-A4F8-00505697537D",740,740,1,,C383E3B2-8A53-EB11-974B-00505697537D,"0000-00-00",False,"",0,"0000-00-00","0000-00-00",DBD4771B-E68A-EB11-A4F8-00505697537D,"","","",
"3850BD66-7390-EB11-80F0-00505697537D",,"",7970,,0,,F38F5859-0849-EB11-974B-00505697537D,,False,"",0,,,"14F65173-7390-EB11-80F0-00505697537D","","",dda7219a-a686-e011-942d-005056bd3748,
D85744AA-6690-EB11-80F0-00505697537D,861650002,"79DC5851-3C4F-EB11-974B-00505697537D",7970,7970,1,,"687506D6-60F9-E811-AD77-00505697537D","0000-00-00",False,"",0,"0000-00-00","0000-00-00",DB5744AA-6690-EB11-80F0-00505697537D,"","","",
"8EE16433-7390-EB11-80F0-00505697537D",,EA6A7EF1-10FC-EA11-B993-00505697537D,370,,0,,"1FF69C47-10FC-EA11-B993-00505697537D",,False,"",0,"0000-00-00","0000-00-00","21CDAFD0-7490-EB11-80F0-00505697537D","","","35a1b88f-a686-e011-942d-005056bd3748",
"8EE16433-7390-EB11-80F0-00505697537D",,"6FCCB897-0DFC-EA11-B993-00505697537D",7390,,0,,E829863E-45BF-EA11-81AC-00505697537D,,False,"",0,"0000-00-00","0000-00-00","21CDAFD0-7490-EB11-80F0-00505697537D","","","35a1b88f-a686-e011-942d-005056bd3748",
"322F503E-D015-EA11-9AB9-00505697537D",861650002,DC5B1DF3-8676-EB11-A4F8-00505697537D,0,0,1,,"497CD67B-5EF9-E811-AD77-00505697537D","0000-00-00",False,"",0,"0000-00-00","0000-00-00",A5AA3E48-7590-EB11-80F0-00505697537D,"","","",
"04A288FA-2053-EB11-974B-00505697537D",861650002,ABFAC0B0-5209-EB11-B993-00505697537D,7970,7970,1,"2050-06-00","89CA8E9E-5EF9-E811-AD77-00505697537D","0000-00-00",False,"",0,"0000-00-00","0000-00-00","38518706-2153-EB11-974B-00505697537D","","","",
"89FE1DA3-7090-EB11-80F0-00505697537D",861650002,"83607FC7-5209-EB11-B993-00505697537D",7970,7970,1,,"89CA8E9E-5EF9-E811-AD77-00505697537D","0000-00-00",False,"",0,"0000-00-00","0000-00-00","8CC03DC7-7090-EB11-80F0-00505697537D","","","",
D59743FF-7590-EB11-80F0-00505697537D,861650000,"5E8902D9-3C4F-EB11-974B-00505697537D",0,239,1,,CAAEAAC4-61F9-E811-AD77-00505697537D,"2028-08-00",False,"",0,"0000-00-00","0000-00-00",CBE78106-7690-EB11-80F0-00505697537D,"","","",
D39FDCCE-16FF-EA11-B993-00505697537D,861650002,F902C436-5A09-EB11-B993-00505697537D,970,970,1,,A9180532-5FF9-E811-AD77-00505697537D,"0000-00-00",False,"",0,"0000-00-00","0000-00-00","3A7722A0-7690-EB11-80F0-00505697537D","","",dda7219a-a686-e011-942d-005056bd3748,
"91B9AAD1-7690-EB11-80F0-00505697537D",861650002,"83607FC7-5209-EB11-B993-00505697537D",7970,7970,1,,"89CA8E9E-5EF9-E811-AD77-00505697537D","0000-00-00",False,"",0,"0000-00-00","0000-00-00",A8499DDF-7690-EB11-80F0-00505697537D,"","","",
E3473CE0-7590-EB11-80F0-00505697537D,861650001,C5AC7B5F-5A09-EB11-B993-00505697537D,0,797,1,"2014-05-00","4890E8AF-5EF9-E811-AD77-00505697537D",,False,"",0,"0000-00-00","0000-00-00","0A94FEF3-7590-EB11-80F0-00505697537D","","",dda7219a-a686-e011-942d-005056bd3748,
"5A6417F8-77E8-E711-BFC0-00505697537D",861650002,"3A3A958A-2B24-EB11-B993-00505697537D",3787,3787,1,,"542363A7-2A24-EB11-B993-00505697537D","0000-00-00",False,"",0,"0000-00-00","0000-00-00",E546A7AE-438D-EB11-A4F8-00505697537D,תלמיד עבר GMAT,"",acc0507c-550a-e311-aa40-005056bd5c9d,
"5A6417F8-77E8-E711-BFC0-00505697537D",861650002,"8DB3A01B-2C24-EB11-B993-00505697537D",2427,2426,1,,B5AFC8A8-2B24-EB11-B993-00505697537D,"0000-00-00",False,"",0,"0000-00-00","0000-00-00",E546A7AE-438D-EB11-A4F8-00505697537D,"","",acc0507c-550a-e311-aa40-005056bd5c9d,
"76D6F52D-7690-EB11-80F0-00505697537D",,"",7970,,0,,"497F1D30-60F9-E811-AD77-00505697537D",,False,"",0,,,"7AD6F52D-7690-EB11-80F0-00505697537D","","",dda7219a-a686-e011-942d-005056bd3748,
"596C9644-5A1F-EB11-B993-00505697537D",861650001,"72452815-5309-EB11-B993-00505697537D",7970,0,0,,EDFB06E0-5EF9-E811-AD77-00505697537D,"0000-00-00",False,"",0,"0000-00-00","0000-00-00","5D6C9644-5A1F-EB11-B993-00505697537D","","",dda7219a-a686-e011-942d-005056bd3748,
C7673141-70FF-E311-94DB-005056BD5C9D,861650002,"7955A979-5193-E511-BAC6-005056BD5C9D",2790,2790,1,,F007DF34-948D-E311-BBAE-005056BD5C9D,"0000-00-00",False,"",0,"0000-00-00","0000-00-00","89D9B354-33B5-E511-BAC6-005056BD5C9D","","","",
"15DBE4CB-A622-EB11-B993-00505697537D",861650001,"5F7AB3CE-59BC-EA11-81AC-00505697537D",0,797,1,,"699F895A-5CF9-E811-AD77-00505697537D",,False,"",0,"0000-00-00","0000-00-00","19DBE4CB-A622-EB11-B993-00505697537D","","","",
FEBE8554-7790-EB11-80F0-00505697537D,861650002,"7339AE9B-5A09-EB11-B993-00505697537D",7970,7970,1,,AE6E1095-5EF9-E811-AD77-00505697537D,"0000-00-00",False,"",0,"0000-00-00","0000-00-00",C10B3E1A-7890-EB11-80F0-00505697537D,"","","",
E4B6480B-1A7F-EB11-A4F8-00505697537D,861650000,"484E4664-F186-EB11-A4F8-00505697537D",7290,0,0,"2023-09-00","88E76919-F186-EB11-A4F8-00505697537D","0000-00-00",False,"",0,"0000-00-00","0000-00-00","28B29670-EE87-EB11-A4F8-00505697537D","","","35a1b88f-a686-e011-942d-005056bd3748",
A88CAE2A-7890-EB11-80F0-00505697537D,,"4990CC30-3A4F-EB11-974B-00505697537D",7970,,0,,"88FFCB58-61F9-E811-AD77-00505697537D",,False,"",0,"0000-00-00","0000-00-00",AB8CAE2A-7890-EB11-80F0-00505697537D,"","",dda7219a-a686-e011-942d-005056bd3748,
"80DB6F43-C0D4-EA11-81AC-00505697537D",861650002,"6DC09499-5B09-EB11-B993-00505697537D",0,0,1,,F2950A89-DAF0-EA11-B993-00505697537D,,False,"",0,"0000-00-00","0000-00-00","22C4CF98-1D5E-EB11-B424-00505697537D","","",dda7219a-a686-e011-942d-005056bd3748,
"7567505B-7990-EB11-80F0-00505697537D",,"484E4664-F186-EB11-A4F8-00505697537D",7290,,0,,"88E76919-F186-EB11-A4F8-00505697537D",,False,"",0,"0000-00-00","0000-00-00","3AD87B81-7990-EB11-80F0-00505697537D","","","35a1b88f-a686-e011-942d-005056bd3748",
"41A3CC03-8463-EA11-AC48-00505697537D",861650002,"6DC09499-5B09-EB11-B993-00505697537D",0,0,1,,F2950A89-DAF0-EA11-B993-00505697537D,,False,"",0,"0000-00-00","0000-00-00","6B0F18F9-1C5E-EB11-B424-00505697537D","","",dda7219a-a686-e011-942d-005056bd3748,
"26F89EC2-4782-EB11-A4F8-00505697537D",861650002,"3A3A958A-2B24-EB11-B993-00505697537D",3987,3987,1,,"542363A7-2A24-EB11-B993-00505697537D","0000-00-00",False,"",0,"0000-00-00","0000-00-00","29F89EC2-4782-EB11-A4F8-00505697537D","","",acc0507c-550a-e311-aa40-005056bd5c9d,
"26F89EC2-4782-EB11-A4F8-00505697537D",861650002,"8DB3A01B-2C24-EB11-B993-00505697537D",2557,2557,1,,B5AFC8A8-2B24-EB11-B993-00505697537D,"0000-00-00",False,"",0,"0000-00-00","0000-00-00","29F89EC2-4782-EB11-A4F8-00505697537D",אחר,"",acc0507c-550a-e311-aa40-005056bd5c9d,
FA4BF2DD-7990-EB11-80F0-00505697537D,,"45ECE5F5-CB45-EB11-974B-00505697537D",7970,,0,,E9169E86-60F9-E811-AD77-00505697537D,,False,"",0,"0000-00-00","0000-00-00",FF4BF2DD-7990-EB11-80F0-00505697537D,"","",dda7219a-a686-e011-942d-005056bd3748,
"061EC579-7B90-EB11-80F0-00505697537D",,"25AF4409-3D4F-EB11-974B-00505697537D",7970,,0,,"1455983C-61F9-E811-AD77-00505697537D",,False,"",0,"0000-00-00","0000-00-00","0A1EC579-7B90-EB11-80F0-00505697537D","","",dda7219a-a686-e011-942d-005056bd3748,
"88B05ADE-C856-E511-84F0-005056BD5C9D",861650002,"052E9A68-3C4F-EB11-974B-00505697537D",7970,7970,1,,"889DB952-61F9-E811-AD77-00505697537D","0000-00-00",False,"",0,"0000-00-00","0000-00-00",B4BA5F41-7F90-EB11-80F0-00505697537D,"","","",
"0CE3A2BC-D649-EB11-974B-00505697537D",861650002,"9D0DF772-5B09-EB11-B993-00505697537D",970,969,1,,"497F1D30-60F9-E811-AD77-00505697537D","0000-00-00",False,"",0,"0000-00-00","0000-00-00","468B1DBF-7F90-EB11-80F0-00505697537D","","",dda7219a-a686-e011-942d-005056bd3748,
"423A1A18-8190-EB11-80F0-00505697537D",861650002,FF952434-5009-EB11-B993-00505697537D,7970,7970,1,,C97E3976-60F9-E811-AD77-00505697537D,"0000-00-00",False,"",0,"0000-00-00","0000-00-00",A86D121E-8190-EB11-80F0-00505697537D,"","",dda7219a-a686-e011-942d-005056bd3748,
A284C742-554F-EB11-974B-00505697537D,861650000,"15A361B9-5B09-EB11-B993-00505697537D",970,0,0,"2030-09-00",F2950A89-DAF0-EA11-B993-00505697537D,"0000-00-00",False,"",0,"0000-00-00","0000-00-00","9969DC78-8190-EB11-80F0-00505697537D",קורס חוזר קורונה,"",dda7219a-a686-e011-942d-005056bd3748,
"13785246-BAC1-EA11-81AC-00505697537D",,C88C3C40-5309-EB11-B993-00505697537D,2970,,0,,EDFB06E0-5EF9-E811-AD77-00505697537D,,False,"",0,"0000-00-00","0000-00-00","76B6CB26-8290-EB11-80F0-00505697537D","","",dda7219a-a686-e011-942d-005056bd3748,
C8C72A17-BCA8-EA11-A8DD-00505697537D,861650002,DC5B1DF3-8676-EB11-A4F8-00505697537D,970,969,1,,"497CD67B-5EF9-E811-AD77-00505697537D","0000-00-00",False,"",0,"0000-00-00","0000-00-00",BEE3972A-8490-EB11-80F0-00505697537D,"","",dda7219a-a686-e011-942d-005056bd3748,
"69B6CB26-8290-EB11-80F0-00505697537D",861650002,"776BE6B8-F865-EB11-B424-00505697537D",7970,7970,1,,A9180532-5FF9-E811-AD77-00505697537D,"0000-00-00",False,"",0,"0000-00-00","0000-00-00","6DB6CB26-8290-EB11-80F0-00505697537D","","",dda7219a-a686-e011-942d-005056bd3748,
"3D71F7DD-3F71-EB11-A4F8-00505697537D",861650002,EFBF3287-5B09-EB11-B993-00505697537D,7970,7970,1,,F2950A89-DAF0-EA11-B993-00505697537D,"0000-00-00",False,"",0,"0000-00-00","0000-00-00","4700DC55-4071-EB11-A4F8-00505697537D","","",dda7219a-a686-e011-942d-005056bd3748,
"694C0ECD-8590-EB11-80F0-00505697537D",861650002,"440E967D-0EFC-EA11-B993-00505697537D",370,370,1,,"43A5CE32-B19D-EA11-AC48-00505697537D","0000-00-00",False,"",0,"0000-00-00","0000-00-00",ADA02ADA-8590-EB11-80F0-00505697537D,"","","35a1b88f-a686-e011-942d-005056bd3748",
"694C0ECD-8590-EB11-80F0-00505697537D",861650000,"4CDA48C2-F7FB-EA11-B993-00505697537D",7290,0,0,,A3774BC2-0A95-EA11-AC48-00505697537D,"0000-00-00",False,"",0,"0000-00-00","0000-00-00",ADA02ADA-8590-EB11-80F0-00505697537D,"","","35a1b88f-a686-e011-942d-005056bd3748",
AEF6A196-8590-EB11-80F0-00505697537D,861650002,B5B75AAA-394F-EB11-974B-00505697537D,7970,7970,1,,AB395C21-61F9-E811-AD77-00505697537D,"0000-00-00",False,"",0,"0000-00-00","0000-00-00",C0F6A196-8590-EB11-80F0-00505697537D,"","","",
"31A78180-8790-EB11-80F0-00505697537D",861650000,"",0,239,1,,E81E6D1C-5DF9-E811-AD77-00505697537D,,False,"",0,,,B4683F92-8790-EB11-80F0-00505697537D,"","","",
"37DB0E59-FD02-EB11-B993-00505697537D",861650000,"8ED04B7C-3C4F-EB11-974B-00505697537D",7970,0,0,,"889DB952-61F9-E811-AD77-00505697537D","0000-00-00",False,"",0,"0000-00-00","0000-00-00","35469721-8890-EB11-80F0-00505697537D","","",dda7219a-a686-e011-942d-005056bd3748,
"11A0472B-8890-EB11-80F0-00505697537D",861650002,A9B9F5F6-3C4F-EB11-974B-00505697537D,7970,7970,1,"2033-12-00","1455983C-61F9-E811-AD77-00505697537D","0000-00-00",False,"",0,"0000-00-00","0000-00-00","15A0472B-8890-EB11-80F0-00505697537D","","","",
"9F618E50-AF75-EB11-A4F8-00505697537D",861650002,"6720D6C6-F98A-EB11-A4F8-00505697537D",740,740,1,,C383E3B2-8A53-EB11-974B-00505697537D,"0000-00-00",False,"",0,"0000-00-00","0000-00-00",F5520D19-797A-EB11-A4F8-00505697537D,"","",dda7219a-a686-e011-942d-005056bd3748,
DC06A2EC-D08C-EB11-A4F8-00505697537D,861650001,"6CE9B795-5909-EB11-B993-00505697537D",0,,1,,"68875757-5EF9-E811-AD77-00505697537D",,False,"",0,"0000-00-00","0000-00-00",E006A2EC-D08C-EB11-A4F8-00505697537D,"","","",
"9C6D2135-0266-EB11-B424-00505697537D",861650002,"4CDA48C2-F7FB-EA11-B993-00505697537D",7290,7290,1,,A3774BC2-0A95-EA11-AC48-00505697537D,"0000-00-00",False,"",0,"0000-00-00","0000-00-00",A06D2135-0266-EB11-B424-00505697537D,"","","35a1b88f-a686-e011-942d-005056bd3748",
"9C6D2135-0266-EB11-B424-00505697537D",861650002,"440E967D-0EFC-EA11-B993-00505697537D",370,370,1,,"43A5CE32-B19D-EA11-AC48-00505697537D","0000-00-00",False,"",0,"0000-00-00","0000-00-00",A06D2135-0266-EB11-B424-00505697537D,"","","35a1b88f-a686-e011-942d-005056bd3748",
"1E7E5EBB-8E90-EB11-80F0-00505697537D",861650002,CFAD5ACE-CC45-EB11-974B-00505697537D,7970,7970,1,,A9180532-5FF9-E811-AD77-00505697537D,"0000-00-00",False,"",0,"0000-00-00","0000-00-00","237E5EBB-8E90-EB11-80F0-00505697537D","","",dda7219a-a686-e011-942d-005056bd3748,
"0C2F1A89-8E90-EB11-80F0-00505697537D",,FF952434-5009-EB11-B993-00505697537D,7970,,0,,C97E3976-60F9-E811-AD77-00505697537D,,False,"",0,"0000-00-00","0000-00-00","102F1A89-8E90-EB11-80F0-00505697537D","","",dda7219a-a686-e011-942d-005056bd3748,
"36777047-8F90-EB11-80F0-00505697537D",861650000,"3A73984B-71A6-EB11-AB02-00505697537D",7970,0,0,,EB2B689C-5CF9-E811-AD77-00505697537D,"0000-00-00",False,"",0,"0000-00-00","0000-00-00","3A777047-8F90-EB11-80F0-00505697537D","","","",
"24DC32C9-FD53-E711-A4E6-0050569937A8",861650002,"4A825901-3A4F-EB11-974B-00505697537D",2970,2970,1,"2018-01-00","88FFCB58-61F9-E811-AD77-00505697537D",,False,"",0,"0000-00-00","0000-00-00","6FA762A7-9290-EB11-80F0-00505697537D","","",dda7219a-a686-e011-942d-005056bd3748,
CCDB0B8B-1AEA-E711-BFC0-00505697537D,861650000,"",7173,,0,"2051-01-00",C87939D8-5DF9-E811-AD77-00505697537D,"0000-00-00",False,"",0,,,"67A762A7-9290-EB11-80F0-00505697537D","","","",
"2128EDBA-692D-EA11-B747-00505697537D",861650002,"2B16C36B-5309-EB11-B993-00505697537D",2970,2970,1,,A8F942A9-5FF9-E811-AD77-00505697537D,"0000-00-00",False,"",0,"0000-00-00","0000-00-00",EB3ACC0A-9590-EB11-80F0-00505697537D,"","","",
E27565EF-9C59-EB11-B424-00505697537D,,"",7970,,0,,D3BB6EE5-60F9-E811-AD77-00505697537D,,False,"",0,,,"1229A737-9590-EB11-80F0-00505697537D","","",dda7219a-a686-e011-942d-005056bd3748,
"75EA7A2B-F8C4-EA11-81AC-00505697537D",861650002,"41AB10C6-12FC-EA11-B993-00505697537D",500,499,1,,"6330035D-12FC-EA11-B993-00505697537D","0000-00-00",False,"",0,"0000-00-00","0000-00-00","81BC0F63-9790-EB11-80F0-00505697537D","","","35a1b88f-a686-e011-942d-005056bd3748",
E8A1FBD6-75CA-E511-8C72-005056BD5C9D,861650002,"6E5E0854-5309-EB11-B993-00505697537D",0,0,1,,EDFB06E0-5EF9-E811-AD77-00505697537D,"0000-00-00",False,"",0,"0000-00-00","0000-00-00",AC6E92FD-9790-EB11-80F0-00505697537D,"","",dda7219a-a686-e011-942d-005056bd3748,
F15D3FE3-10C4-EA11-81AC-00505697537D,861650002,F7C37EE8-394F-EB11-974B-00505697537D,7970,7970,1,"2009-12-00","88FFCB58-61F9-E811-AD77-00505697537D","0000-00-00",False,"",0,"0000-00-00","0000-00-00",F55D3FE3-10C4-EA11-81AC-00505697537D,"","",dda7219a-a686-e011-942d-005056bd3748,
F619A702-9A90-EB11-80F0-00505697537D,861650002,"56A7A119-3C4F-EB11-974B-00505697537D",7970,7970,1,,B2BF3EC8-60F9-E811-AD77-00505697537D,"0000-00-00",False,"",0,"0000-00-00","0000-00-00",C1AEA108-9A90-EB11-80F0-00505697537D,"","","",
"81506C99-9490-EB11-80F0-00505697537D",,"02F02099-5309-EB11-B993-00505697537D",7970,,0,,EB5F9843-60F9-E811-AD77-00505697537D,,False,"",0,"0000-00-00","0000-00-00","0EA86B9F-9490-EB11-80F0-00505697537D","","",dda7219a-a686-e011-942d-005056bd3748,
BE72EBA7-8088-E511-BAC6-005056BD5C9D,,"",7970,,0,,F2950A89-DAF0-EA11-B993-00505697537D,,False,"",0,,,"68E1331C-9990-EB11-80F0-00505697537D","","",dda7219a-a686-e011-942d-005056bd3748,
"75CD042B-9B90-EB11-80F0-00505697537D",,"",7970,,0,,A8F942A9-5FF9-E811-AD77-00505697537D,,False,"",0,,,"0883B567-9B90-EB11-80F0-00505697537D","","",dda7219a-a686-e011-942d-005056bd3748,
"9DCF38FF-EC12-E711-A6A0-0050569937A8",861650001,"02F02099-5309-EB11-B993-00505697537D",0,,0,,EB5F9843-60F9-E811-AD77-00505697537D,"0000-00-00",False,"",0,"0000-00-00","0000-00-00",C29275D5-9C90-EB11-80F0-00505697537D,"","",dda7219a-a686-e011-942d-005056bd3748,
DDAF461D-BCA8-EA11-A8DD-00505697537D,861650000,B3A0B553-5909-EB11-B993-00505697537D,0,,0,,"0B572BB9-87C6-EA11-81AC-00505697537D","0000-00-00",False,"",0,"0000-00-00","0000-00-00",C42D7BD7-A390-EB11-80F0-00505697537D,"","",dda7219a-a686-e011-942d-005056bd3748,
AE2EC51E-C955-EB11-974B-00505697537D,,"",7970,,0,,F2950A89-DAF0-EA11-B993-00505697537D,"0000-00-00",False,"",0,,,"0B92118A-A190-EB11-80F0-00505697537D","","",dda7219a-a686-e011-942d-005056bd3748,
"8E8D7AC7-A390-EB11-80F0-00505697537D",861650000,"",7970,0,0,,ADC507D2-5CF9-E811-AD77-00505697537D,"2035-10-00",False,"",0,,,CC2D7BD7-A390-EB11-80F0-00505697537D,"","","",
"9659E983-A590-EB11-80F0-00505697537D",,"",7970,,0,,"4921F9FB-61F9-E811-AD77-00505697537D",,False,"",0,,,"9A59E983-A590-EB11-80F0-00505697537D","","",dda7219a-a686-e011-942d-005056bd3748,
"66987980-A790-EB11-80F0-00505697537D",,"776BE6B8-F865-EB11-B424-00505697537D",7970,,0,,A9180532-5FF9-E811-AD77-00505697537D,,False,"",0,"0000-00-00","0000-00-00","6A987980-A790-EB11-80F0-00505697537D","","",dda7219a-a686-e011-942d-005056bd3748,
"301944D6-1024-EB11-B993-00505697537D",861650002,F64C6708-5009-EB11-B993-00505697537D,7970,7970,1,,C97E3976-60F9-E811-AD77-00505697537D,"0000-00-00",False,"",0,"0000-00-00","0000-00-00","341944D6-1024-EB11-B993-00505697537D","","",dda7219a-a686-e011-942d-005056bd3748,
"17698264-A990-EB11-80F0-00505697537D",,"",7970,,0,,"65E721DF-B587-EA11-AC48-00505697537D",,False,"",0,,,"1B698264-A990-EB11-80F0-00505697537D","","",dda7219a-a686-e011-942d-005056bd3748,
"395C220E-B690-EB11-80F0-00505697537D",,"4A895411-ED5A-EB11-B424-00505697537D",7970,,0,,"65E721DF-B587-EA11-AC48-00505697537D",,False,"",0,"0000-00-00","0000-00-00","3D5C220E-B690-EB11-80F0-00505697537D","","",dda7219a-a686-e011-942d-005056bd3748,
"0D95622F-B690-EB11-80F0-00505697537D",,"",7970,,0,,CAAEAAC4-61F9-E811-AD77-00505697537D,,False,"",0,,,"1195622F-B690-EB11-80F0-00505697537D","","","",
"171DFD73-1791-EB11-80F0-00505697537D",861650002,"3A3A958A-2B24-EB11-B993-00505697537D",3987,3987,1,,"542363A7-2A24-EB11-B993-00505697537D","0000-00-00",False,"",0,"0000-00-00","0000-00-00","1B1DFD73-1791-EB11-80F0-00505697537D","","",acc0507c-550a-e311-aa40-005056bd5c9d,
BA3D6577-E9EA-EA11-B993-00505697537D,861650002,"02F02099-5309-EB11-B993-00505697537D",7970,7970,1,,EB5F9843-60F9-E811-AD77-00505697537D,"0000-00-00",False,"",0,"0000-00-00","0000-00-00","09B813D2-1B91-EB11-80F0-00505697537D","","","",
"1CBF17F1-1E91-EB11-80F0-00505697537D",,"",7970,,0,,"889DB952-61F9-E811-AD77-00505697537D",,False,"",0,,,"20BF17F1-1E91-EB11-80F0-00505697537D","","",dda7219a-a686-e011-942d-005056bd3748,
AA911FCD-68FE-EA11-B993-00505697537D,,"",5151,,0,,DFF0DD68-DCD6-EA11-81AC-00505697537D,,False,"",0,,,"6179AB4B-2091-EB11-80F0-00505697537D","","","35a1b88f-a686-e011-942d-005056bd3748",
AA911FCD-68FE-EA11-B993-00505697537D,,"",5151,,0,,"8C955252-DCD6-EA11-81AC-00505697537D",,False,"",0,,,"6179AB4B-2091-EB11-80F0-00505697537D","","","35a1b88f-a686-e011-942d-005056bd3748",
AA911FCD-68FE-EA11-B993-00505697537D,,"",5151,,0,,"81AEA183-DCD6-EA11-81AC-00505697537D",,False,"",0,,,"6179AB4B-2091-EB11-80F0-00505697537D","","","35a1b88f-a686-e011-942d-005056bd3748",
"318A1EC5-2291-EB11-80F0-00505697537D",,"",5391,,0,,DFF0DD68-DCD6-EA11-81AC-00505697537D,,False,"",0,,,"368A1EC5-2291-EB11-80F0-00505697537D","","","35a1b88f-a686-e011-942d-005056bd3748",
"318A1EC5-2291-EB11-80F0-00505697537D",,"",5391,,0,,"8C955252-DCD6-EA11-81AC-00505697537D",,False,"",0,,,"368A1EC5-2291-EB11-80F0-00505697537D","","","35a1b88f-a686-e011-942d-005056bd3748",
"9B701447-43AA-EA11-A8DD-00505697537D",861650000,"1A0FAD3E-4F09-EB11-B993-00505697537D",7970,0,0,,"65E721DF-B587-EA11-AC48-00505697537D","0000-00-00",False,"",0,"0000-00-00","0000-00-00","5E77112B-2491-EB11-80F0-00505697537D","","",dda7219a-a686-e011-942d-005056bd3748,
"90747F19-1712-EB11-B993-00505697537D",,"",7970,,0,,BD27D225-B758-EB11-8E5E-00505697537D,,False,"",0,,,E0297403-2791-EB11-80F0-00505697537D,"","",dda7219a-a686-e011-942d-005056bd3748,
"346E7108-0F1D-E711-80D6-0050569937A8",861650002,"15A361B9-5B09-EB11-B993-00505697537D",970,970,1,,F2950A89-DAF0-EA11-B993-00505697537D,,False,"",0,"0000-00-00","0000-00-00",BE7944F7-2891-EB11-80F0-00505697537D,אחר,"",dda7219a-a686-e011-942d-005056bd3748,
"2F0488D2-849D-EA11-AC48-00505697537D",861650002,"57FBCB4F-5A09-EB11-B993-00505697537D",0,0,1,,"4890E8AF-5EF9-E811-AD77-00505697537D","0000-00-00",False,"",0,"0000-00-00","0000-00-00","9EF5F125-2991-EB11-80F0-00505697537D","","",dda7219a-a686-e011-942d-005056bd3748,
A496D849-2991-EB11-80F0-00505697537D,,"3B7AA52D-0DFC-EA11-B993-00505697537D",7390,,0,,"12E234F8-0A95-EA11-AC48-00505697537D",,False,"",0,"0000-00-00","0000-00-00","4982ED79-2991-EB11-80F0-00505697537D","","","35a1b88f-a686-e011-942d-005056bd3748",
E30F8818-2B91-EB11-80F0-00505697537D,,C88C3C40-5309-EB11-B993-00505697537D,7970,,0,,EDFB06E0-5EF9-E811-AD77-00505697537D,,False,"",0,"0000-00-00","0000-00-00",F66A4828-2B91-EB11-80F0-00505697537D,"","",dda7219a-a686-e011-942d-005056bd3748,
"69FCCCCD-2A91-EB11-80F0-00505697537D",,"6E5E0854-5309-EB11-B993-00505697537D",7970,,0,,EDFB06E0-5EF9-E811-AD77-00505697537D,,False,"",0,"0000-00-00","0000-00-00",A22A24E1-2A91-EB11-80F0-00505697537D,"","",dda7219a-a686-e011-942d-005056bd3748,
"1D0C2619-30A9-E811-8A51-00505697537D",861650002,EFBF3287-5B09-EB11-B993-00505697537D,7173,7173,1,,F2950A89-DAF0-EA11-B993-00505697537D,"0000-00-00",False,"",0,"0000-00-00","0000-00-00","3149E521-B750-EB11-974B-00505697537D","","",dda7219a-a686-e011-942d-005056bd3748,
C57F8424-0FF7-E511-8C73-005056BD5C9D,861650002,"25AF4409-3D4F-EB11-974B-00505697537D",7970,7970,1,"2011-10-00","1455983C-61F9-E811-AD77-00505697537D","0000-00-00",False,"",0,"0000-00-00","0000-00-00",F029A509-3091-EB11-80F0-00505697537D,"","","",
"550DAA00-F9D2-E911-AA34-00505697537D",,"484E4664-F186-EB11-A4F8-00505697537D",7290,,0,,"88E76919-F186-EB11-A4F8-00505697537D",,False,"",0,"0000-00-00","0000-00-00","67620EA2-3191-EB11-80F0-00505697537D","","","35a1b88f-a686-e011-942d-005056bd3748",
DB61863A-3491-EB11-80F0-00505697537D,861650002,FF952434-5009-EB11-B993-00505697537D,7970,7970,1,,C97E3976-60F9-E811-AD77-00505697537D,"0000-00-00",False,"",0,"0000-00-00","0000-00-00","1EBDCA4B-3491-EB11-80F0-00505697537D","","",dda7219a-a686-e011-942d-005056bd3748,
"1EC1DB16-3591-EB11-80F0-00505697537D",,EB2ACBEB-0BFC-EA11-B993-00505697537D,7390,,0,,"12E234F8-0A95-EA11-AC48-00505697537D",,False,"",0,"0000-00-00","0000-00-00","21C1DB16-3591-EB11-80F0-00505697537D","","","35a1b88f-a686-e011-942d-005056bd3748",
CCC3483C-3591-EB11-80F0-00505697537D,861650002,"838CACBC-3A4F-EB11-974B-00505697537D",7970,7970,1,,"489F33DA-61F9-E811-AD77-00505697537D",,False,"",0,"0000-00-00","0000-00-00",EE69614A-3591-EB11-80F0-00505697537D,"","","",
"095C9500-3791-EB11-80F0-00505697537D",861650002,"83607FC7-5209-EB11-B993-00505697537D",7970,7970,1,"2014-02-00","89CA8E9E-5EF9-E811-AD77-00505697537D","0000-00-00",False,"",0,"0000-00-00","0000-00-00","4A70DB17-3791-EB11-80F0-00505697537D","","",dda7219a-a686-e011-942d-005056bd3748,
"41954890-3491-EB11-80F0-00505697537D",861650002,"45ECE5F5-CB45-EB11-974B-00505697537D",7970,7970,1,,E9169E86-60F9-E811-AD77-00505697537D,"0000-00-00",False,"",0,"0000-00-00","0000-00-00","45954890-3491-EB11-80F0-00505697537D","","",dda7219a-a686-e011-942d-005056bd3748,
"86CED8EC-3891-EB11-80F0-00505697537D",,"",9963,,0,,CCA1B5D8-5EF9-E811-AD77-00505697537D,,False,"",0,,,"8ACED8EC-3891-EB11-80F0-00505697537D","","",dda7219a-a686-e011-942d-005056bd3748,
"1B6C6DCC-3A91-EB11-80F0-00505697537D",861650000,"10FDD345-384F-EB11-974B-00505697537D",0,239,1,"2031-07-00","2B80983E-CB2F-EB11-B993-00505697537D",,False,"",0,"0000-00-00","0000-00-00","75BA71DB-3A91-EB11-80F0-00505697537D","","","",
"4DDC47F9-3991-EB11-80F0-00505697537D",,"6CE9B795-5909-EB11-B993-00505697537D",7970,,0,,"68875757-5EF9-E811-AD77-00505697537D",,False,"",0,"0000-00-00","0000-00-00","50DC47F9-3991-EB11-80F0-00505697537D","","",dda7219a-a686-e011-942d-005056bd3748,
D2FD0760-3C91-EB11-80F0-00505697537D,,"",7970,,0,,A8F942A9-5FF9-E811-AD77-00505697537D,,False,"",0,,,"9E8D766C-3C91-EB11-80F0-00505697537D","","",dda7219a-a686-e011-942d-005056bd3748,
"1E2C72D2-FAD6-EA11-81AC-00505697537D",,"",7970,,0,,"4921F9FB-61F9-E811-AD77-00505697537D",,False,"",0,,,"7922162B-3C91-EB11-80F0-00505697537D","","",dda7219a-a686-e011-942d-005056bd3748,
"8318930A-5FFD-E411-A45F-005056BD5C9D",861650002,"4A895411-ED5A-EB11-B424-00505697537D",7970,7970,1,,"65E721DF-B587-EA11-AC48-00505697537D","0000-00-00",False,"",0,"0000-00-00","0000-00-00",AA085095-3D91-EB11-80F0-00505697537D,"","","",
"91EC7D71-4091-EB11-80F0-00505697537D",861650002,"3DF3179E-86A6-EB11-AB02-00505697537D",7970,7970,1,,"69F6BC92-5DF9-E811-AD77-00505697537D","0000-00-00",False,"",0,"0000-00-00","0000-00-00","94EC7D71-4091-EB11-80F0-00505697537D","","","",
D2FD0760-3C91-EB11-80F0-00505697537D,861650000,"2B16C36B-5309-EB11-B993-00505697537D",7970,,0,,A8F942A9-5FF9-E811-AD77-00505697537D,"0000-00-00",False,"",0,"0000-00-00","0000-00-00",A273C031-4091-EB11-80F0-00505697537D,"","",dda7219a-a686-e011-942d-005056bd3748,
D28070B7-3E91-EB11-80F0-00505697537D,861650002,"5CFB2BF7-3B4F-EB11-974B-00505697537D",7970,7970,1,,ECA1FCE6-61F9-E811-AD77-00505697537D,"0000-00-00",False,"",0,"0000-00-00","0000-00-00",D58070B7-3E91-EB11-80F0-00505697537D,"","",dda7219a-a686-e011-942d-005056bd3748,
"2D76F5F3-4191-EB11-80F0-00505697537D",,"",7970,,0,,"0B572BB9-87C6-EA11-81AC-00505697537D",,False,"",0,,,"3176F5F3-4191-EB11-80F0-00505697537D","","",dda7219a-a686-e011-942d-005056bd3748,
BB3ED86D-3A91-EB11-80F0-00505697537D,861650002,"0DD0D2FB-5909-EB11-B993-00505697537D",7970,7970,1,,CCA1B5D8-5EF9-E811-AD77-00505697537D,"0000-00-00",False,"",0,"0000-00-00","0000-00-00",AA60C209-3B91-EB11-80F0-00505697537D,"","","",
D2FD0760-3C91-EB11-80F0-00505697537D,861650002,"526D987F-5309-EB11-B993-00505697537D",7970,7970,1,,A8F942A9-5FF9-E811-AD77-00505697537D,"0000-00-00",False,"",0,"0000-00-00","0000-00-00",A273C031-4091-EB11-80F0-00505697537D,"","",dda7219a-a686-e011-942d-005056bd3748,
CB1A8C4B-4191-EB11-80F0-00505697537D,,"14FDBC5D-5209-EB11-B993-00505697537D",7970,,0,,"6825E288-5EF9-E811-AD77-00505697537D",,False,"",0,"0000-00-00","0000-00-00",CF1A8C4B-4191-EB11-80F0-00505697537D,"","",dda7219a-a686-e011-942d-005056bd3748,
"9CEC7D71-4091-EB11-80F0-00505697537D",,"7F64B655-5B09-EB11-B993-00505697537D",7970,,0,,"497F1D30-60F9-E811-AD77-00505697537D",,False,"",0,"0000-00-00","0000-00-00",A0EC7D71-4091-EB11-80F0-00505697537D,"","",dda7219a-a686-e011-942d-005056bd3748,
E77AFF17-32CF-EA11-81AC-00505697537D,861650002,"90C081E5-4F09-EB11-B993-00505697537D",0,0,1,"2026-12-00","65E721DF-B587-EA11-AC48-00505697537D","2026-08-00",False,"",0,"0000-00-00","0000-00-00",FDA52B5F-A24A-EB11-974B-00505697537D,קורס חוזר קורונה,"",dda7219a-a686-e011-942d-005056bd3748,
"08DA06E7-4291-EB11-80F0-00505697537D",,"8ED04B7C-3C4F-EB11-974B-00505697537D",7970,,0,,"889DB952-61F9-E811-AD77-00505697537D",,False,"",0,"0000-00-00","0000-00-00","0CDA06E7-4291-EB11-80F0-00505697537D","","",dda7219a-a686-e011-942d-005056bd3748,
B0E19147-E798-EA11-AC48-00505697537D,861650002,"90C081E5-4F09-EB11-B993-00505697537D",0,0,1,,"65E721DF-B587-EA11-AC48-00505697537D",,False,"",0,"0000-00-00","0000-00-00",C55E3C67-4091-EB11-80F0-00505697537D,קורס חוזר קורונה,"",dda7219a-a686-e011-942d-005056bd3748,
C5770AA4-CF4D-EB11-974B-00505697537D,861650002,"776BE6B8-F865-EB11-B424-00505697537D",7970,7970,1,,A9180532-5FF9-E811-AD77-00505697537D,"0000-00-00",False,"",0,"0000-00-00","0000-00-00",BDA8ABE0-4491-EB11-80F0-00505697537D,"","","",
"6605B839-4491-EB11-80F0-00505697537D",861650002,"052E9A68-3C4F-EB11-974B-00505697537D",7970,7970,1,,"889DB952-61F9-E811-AD77-00505697537D",,False,"",0,"0000-00-00","0000-00-00","60F11983-4491-EB11-80F0-00505697537D","","",dda7219a-a686-e011-942d-005056bd3748,
"905BEE7C-4691-EB11-80F0-00505697537D",,"9D0DF772-5B09-EB11-B993-00505697537D",9963,,0,,"497F1D30-60F9-E811-AD77-00505697537D",,False,"",0,"0000-00-00","0000-00-00",D4B1378C-4691-EB11-80F0-00505697537D,"","",dda7219a-a686-e011-942d-005056bd3748,
F312000D-AD7D-E711-84F2-00505697537D,861650002,EFBF3287-5B09-EB11-B993-00505697537D,970,970,1,,F2950A89-DAF0-EA11-B993-00505697537D,"0000-00-00",False,"",0,"0000-00-00","0000-00-00","12EF8D90-4891-EB11-80F0-00505697537D","","",dda7219a-a686-e011-942d-005056bd3748,
"8C2C7758-9CB3-EA11-81AC-00505697537D",861650002,"8B4845DA-3A4F-EB11-974B-00505697537D",7970,7970,1,"2019-05-00","680163C7-E202-EB11-B993-00505697537D","0000-00-00",False,"",0,"0000-00-00","0000-00-00","893A9197-4991-EB11-80F0-00505697537D","","",dda7219a-a686-e011-942d-005056bd3748,
A3AC8B8E-E9F1-EA11-B993-00505697537D,861650002,EFBF3287-5B09-EB11-B993-00505697537D,970,969,1,,F2950A89-DAF0-EA11-B993-00505697537D,"0000-00-00",False,"",0,"0000-00-00","0000-00-00",B0114BB7-4991-EB11-80F0-00505697537D,"","",dda7219a-a686-e011-942d-005056bd3748,
