﻿"cs1_townid","City_Name"
"1FF7BDA1-4377-E711-8107-00505697537D",משגב
C110925E-418F-E811-8A51-00505697537D,כפר אדומים
A665C9C3-93B6-E811-8A51-00505697537D,נצרת
"7D39AB07-3215-EC11-A8D9-00505697537D",נוף הגליל
D37F1A51-D572-E811-B9FF-00505697537D,קיבוץ גניגר
FC0AF71A-2096-E711-BFC0-00505697537D,כפר עארה
"14455D91-4318-E711-BF8D-0050569937A8",ברוכין
AFEEE6A8-C870-E011-A41E-005056BD3748,אבו ג'ווייעד (שבט)
B1EEE6A8-C870-E011-A41E-005056BD3748,אבו גוש
B3EEE6A8-C870-E011-A41E-005056BD3748,אבו סנאן
B5EEE6A8-C870-E011-A41E-005056BD3748,אבו סריחאן (שבט)
B7EEE6A8-C870-E011-A41E-005056BD3748,אבו עבדון (שבט)
B9EEE6A8-C870-E011-A41E-005056BD3748,אבו עמאר (שבט)
BBEEE6A8-C870-E011-A41E-005056BD3748,אבו עמרה )שבט)
BDEEE6A8-C870-E011-A41E-005056BD3748,אבו קורינאת (שבט)
BFEEE6A8-C870-E011-A41E-005056BD3748,אבו קרינאת )יישוב)
C1EEE6A8-C870-E011-A41E-005056BD3748,אבו רובייעה (שבט)
C3EEE6A8-C870-E011-A41E-005056BD3748,אבו רוקייק (שבט)
C5EEE6A8-C870-E011-A41E-005056BD3748,אבטין
C7EEE6A8-C870-E011-A41E-005056BD3748,אבטליון
C9EEE6A8-C870-E011-A41E-005056BD3748,אביאל
CBEEE6A8-C870-E011-A41E-005056BD3748,אביבים
CDEEE6A8-C870-E011-A41E-005056BD3748,אביגדור
CFEEE6A8-C870-E011-A41E-005056BD3748,אביחיל
D1EEE6A8-C870-E011-A41E-005056BD3748,אביטל
D3EEE6A8-C870-E011-A41E-005056BD3748,אביעזר
D5EEE6A8-C870-E011-A41E-005056BD3748,אבירים
D7EEE6A8-C870-E011-A41E-005056BD3748,רעננה
D9EEE6A8-C870-E011-A41E-005056BD3748,אבן מנחם
DBEEE6A8-C870-E011-A41E-005056BD3748,אבן ספיר
DDEEE6A8-C870-E011-A41E-005056BD3748,אבן שמואל
DFEEE6A8-C870-E011-A41E-005056BD3748,אבני איתן
E1EEE6A8-C870-E011-A41E-005056BD3748,אבני חפץ
E3EEE6A8-C870-E011-A41E-005056BD3748,אבנת
E5EEE6A8-C870-E011-A41E-005056BD3748,אבשלום
E7EEE6A8-C870-E011-A41E-005056BD3748,אדורה
E9EEE6A8-C870-E011-A41E-005056BD3748,אדירים
EBEEE6A8-C870-E011-A41E-005056BD3748,אדמית
EDEEE6A8-C870-E011-A41E-005056BD3748,אדרת
EFEEE6A8-C870-E011-A41E-005056BD3748,אודים
F1EEE6A8-C870-E011-A41E-005056BD3748,אודם
F3EEE6A8-C870-E011-A41E-005056BD3748,אוהד
F5EEE6A8-C870-E011-A41E-005056BD3748,אום אל-פחם
F7EEE6A8-C870-E011-A41E-005056BD3748,אום אל-קוטוף
F9EEE6A8-C870-E011-A41E-005056BD3748,אום בטין
FBEEE6A8-C870-E011-A41E-005056BD3748,אומן
FDEEE6A8-C870-E011-A41E-005056BD3748,אומץ
FFEEE6A8-C870-E011-A41E-005056BD3748,אופקים
"01EFE6A8-C870-E011-A41E-005056BD3748",אור הגנוז
"03EFE6A8-C870-E011-A41E-005056BD3748",אור הנר
"05EFE6A8-C870-E011-A41E-005056BD3748",אור יהודה
"07EFE6A8-C870-E011-A41E-005056BD3748",אור עקיבא
"09EFE6A8-C870-E011-A41E-005056BD3748",אורה
"0BEFE6A8-C870-E011-A41E-005056BD3748",אורות
"0DEFE6A8-C870-E011-A41E-005056BD3748",אורטל
"0FEFE6A8-C870-E011-A41E-005056BD3748",אורים
"11EFE6A8-C870-E011-A41E-005056BD3748",אורנים
"13EFE6A8-C870-E011-A41E-005056BD3748",אורנית
"15EFE6A8-C870-E011-A41E-005056BD3748",אושה
"17EFE6A8-C870-E011-A41E-005056BD3748",אזור
"19EFE6A8-C870-E011-A41E-005056BD3748",אחווה
"1BEFE6A8-C870-E011-A41E-005056BD3748",אחוזם
"1DEFE6A8-C870-E011-A41E-005056BD3748",אחוזת ברק
"1FEFE6A8-C870-E011-A41E-005056BD3748",אחיהוד
"21EFE6A8-C870-E011-A41E-005056BD3748",אחיטוב
"23EFE6A8-C870-E011-A41E-005056BD3748",אחיסמך
"25EFE6A8-C870-E011-A41E-005056BD3748",אחיעזר
"27EFE6A8-C870-E011-A41E-005056BD3748",אטרש (שבט)
"29EFE6A8-C870-E011-A41E-005056BD3748",איבים
"2BEFE6A8-C870-E011-A41E-005056BD3748",אייל
"2DEFE6A8-C870-E011-A41E-005056BD3748",איילת השחר
"2FEFE6A8-C870-E011-A41E-005056BD3748",אילון
"31EFE6A8-C870-E011-A41E-005056BD3748",אילות
"33EFE6A8-C870-E011-A41E-005056BD3748",אילניה
"35EFE6A8-C870-E011-A41E-005056BD3748",אילת
"37EFE6A8-C870-E011-A41E-005056BD3748",איתמר
"39EFE6A8-C870-E011-A41E-005056BD3748",איתן
"3BEFE6A8-C870-E011-A41E-005056BD3748",איתנים
"3DEFE6A8-C870-E011-A41E-005056BD3748",אכסאל
"3FEFE6A8-C870-E011-A41E-005056BD3748",אל סייד
"41EFE6A8-C870-E011-A41E-005056BD3748",אלומה
"43EFE6A8-C870-E011-A41E-005056BD3748",אלומות
"45EFE6A8-C870-E011-A41E-005056BD3748",אלון הגליל
"47EFE6A8-C870-E011-A41E-005056BD3748",אלון מורה
"49EFE6A8-C870-E011-A41E-005056BD3748",אלון שבות
"4BEFE6A8-C870-E011-A41E-005056BD3748",אלוני אבא
"4DEFE6A8-C870-E011-A41E-005056BD3748",אלוני הבשן
"4FEFE6A8-C870-E011-A41E-005056BD3748",אלוני יצחק
"51EFE6A8-C870-E011-A41E-005056BD3748",אלונים
"53EFE6A8-C870-E011-A41E-005056BD3748",אלי סיני
"55EFE6A8-C870-E011-A41E-005056BD3748",אליכין
"57EFE6A8-C870-E011-A41E-005056BD3748",אלי-עד
"59EFE6A8-C870-E011-A41E-005056BD3748",אליפז
"5BEFE6A8-C870-E011-A41E-005056BD3748",אליפלט
"5DEFE6A8-C870-E011-A41E-005056BD3748",אליקים
"5FEFE6A8-C870-E011-A41E-005056BD3748",אלישיב
"61EFE6A8-C870-E011-A41E-005056BD3748",אלישמע
"63EFE6A8-C870-E011-A41E-005056BD3748",אלמגור
"65EFE6A8-C870-E011-A41E-005056BD3748",אלמוג
"67EFE6A8-C870-E011-A41E-005056BD3748",אלעד
"69EFE6A8-C870-E011-A41E-005056BD3748",אל-עזי
"6BEFE6A8-C870-E011-A41E-005056BD3748",אלעזר
"6DEFE6A8-C870-E011-A41E-005056BD3748",אל-עריאן
"6FEFE6A8-C870-E011-A41E-005056BD3748",אלפי מנשה
"71EFE6A8-C870-E011-A41E-005056BD3748",אלקוש
"73EFE6A8-C870-E011-A41E-005056BD3748",אלקנה
"75EFE6A8-C870-E011-A41E-005056BD3748",אל-רום
"77EFE6A8-C870-E011-A41E-005056BD3748",אמונים
"79EFE6A8-C870-E011-A41E-005056BD3748",אמירים
"7BEFE6A8-C870-E011-A41E-005056BD3748",אמנון
"7DEFE6A8-C870-E011-A41E-005056BD3748",אמציה
"7FEFE6A8-C870-E011-A41E-005056BD3748",אניעם
"81EFE6A8-C870-E011-A41E-005056BD3748",אסד (שבט)
"83EFE6A8-C870-E011-A41E-005056BD3748",אספר
"85EFE6A8-C870-E011-A41E-005056BD3748",אעבלין
"87EFE6A8-C870-E011-A41E-005056BD3748",אעצם (שבט)
"89EFE6A8-C870-E011-A41E-005056BD3748",אפיניש (שבט)
"8BEFE6A8-C870-E011-A41E-005056BD3748",אפיק
"8DEFE6A8-C870-E011-A41E-005056BD3748",אפיקים
"8FEFE6A8-C870-E011-A41E-005056BD3748",אפעל-מרכז סמינריוני
"91EFE6A8-C870-E011-A41E-005056BD3748",אפק
"93EFE6A8-C870-E011-A41E-005056BD3748",אפרתה
"95EFE6A8-C870-E011-A41E-005056BD3748",ארבל
"97EFE6A8-C870-E011-A41E-005056BD3748",ארגמן
"99EFE6A8-C870-E011-A41E-005056BD3748",ארז
"9BEFE6A8-C870-E011-A41E-005056BD3748",אריאל
"9DEFE6A8-C870-E011-A41E-005056BD3748",ארסוף
"9FEFE6A8-C870-E011-A41E-005056BD3748",אשבול
A1EFE6A8-C870-E011-A41E-005056BD3748,אשבל
A3EFE6A8-C870-E011-A41E-005056BD3748,אשדוד
A5EFE6A8-C870-E011-A41E-005056BD3748,אשדות יעקב (איחוד)
A7EFE6A8-C870-E011-A41E-005056BD3748,אשדות יעקב (מאוחד)
A9EFE6A8-C870-E011-A41E-005056BD3748,אשחר
ABEFE6A8-C870-E011-A41E-005056BD3748,אשכולות
ADEFE6A8-C870-E011-A41E-005056BD3748,אשל הנשיא
AFEFE6A8-C870-E011-A41E-005056BD3748,אשלים
B1EFE6A8-C870-E011-A41E-005056BD3748,אשקלון
B3EFE6A8-C870-E011-A41E-005056BD3748,אשרת
B5EFE6A8-C870-E011-A41E-005056BD3748,אשתאול
B7EFE6A8-C870-E011-A41E-005056BD3748,אתגר
B9EFE6A8-C870-E011-A41E-005056BD3748,באקה
BBEFE6A8-C870-E011-A41E-005056BD3748,באר אורה
BDEFE6A8-C870-E011-A41E-005056BD3748,באר טוביה
BFEFE6A8-C870-E011-A41E-005056BD3748,באר יעקב
C1EFE6A8-C870-E011-A41E-005056BD3748,באר מילכה
C3EFE6A8-C870-E011-A41E-005056BD3748,באר שבע
C5EFE6A8-C870-E011-A41E-005056BD3748,בארות יצחק
C7EFE6A8-C870-E011-A41E-005056BD3748,בארותיים
C9EFE6A8-C870-E011-A41E-005056BD3748,בארי
CBEFE6A8-C870-E011-A41E-005056BD3748,בדולח
CDEFE6A8-C870-E011-A41E-005056BD3748,בוסתן הגליל
CFEFE6A8-C870-E011-A41E-005056BD3748,בועיינה-נוג'ידאת
D1EFE6A8-C870-E011-A41E-005056BD3748,בוקעאתא
D3EFE6A8-C870-E011-A41E-005056BD3748,בורגתה
D5EFE6A8-C870-E011-A41E-005056BD3748,בחן
D7EFE6A8-C870-E011-A41E-005056BD3748,בטחה
D9EFE6A8-C870-E011-A41E-005056BD3748,ביצרון
DBEFE6A8-C870-E011-A41E-005056BD3748,ביר אל-מכסור
DDEFE6A8-C870-E011-A41E-005056BD3748,ביר הדאג'
DFEFE6A8-C870-E011-A41E-005056BD3748,ביריה
E1EFE6A8-C870-E011-A41E-005056BD3748,בית אורן
E3EFE6A8-C870-E011-A41E-005056BD3748,בית אל
E5EFE6A8-C870-E011-A41E-005056BD3748,בית אלעזרי
E7EFE6A8-C870-E011-A41E-005056BD3748,בית אלפא
E9EFE6A8-C870-E011-A41E-005056BD3748,בית אריה
EBEFE6A8-C870-E011-A41E-005056BD3748,בית ברל
EDEFE6A8-C870-E011-A41E-005056BD3748,בית גוברין
EFEFE6A8-C870-E011-A41E-005056BD3748,בית גמליאל
F1EFE6A8-C870-E011-A41E-005056BD3748,בית ג'ן
F3EFE6A8-C870-E011-A41E-005056BD3748,בית דגן
F5EFE6A8-C870-E011-A41E-005056BD3748,בית הגדי
F7EFE6A8-C870-E011-A41E-005056BD3748,בית הלוי
F9EFE6A8-C870-E011-A41E-005056BD3748,בית הלל
FBEFE6A8-C870-E011-A41E-005056BD3748,בית העמק
FDEFE6A8-C870-E011-A41E-005056BD3748,בית הערבה
FFEFE6A8-C870-E011-A41E-005056BD3748,בית השיטה
"01F0E6A8-C870-E011-A41E-005056BD3748",בית זיד
"03F0E6A8-C870-E011-A41E-005056BD3748",בית זית
"05F0E6A8-C870-E011-A41E-005056BD3748",בית זרע
"07F0E6A8-C870-E011-A41E-005056BD3748",בית חורון
"09F0E6A8-C870-E011-A41E-005056BD3748",בית חירות
"0BF0E6A8-C870-E011-A41E-005056BD3748",בית חלקיה
"0DF0E6A8-C870-E011-A41E-005056BD3748",בית חנן
"0FF0E6A8-C870-E011-A41E-005056BD3748",בית חנניה
"11F0E6A8-C870-E011-A41E-005056BD3748",בית חשמונאי
"13F0E6A8-C870-E011-A41E-005056BD3748",בית יהושע
"15F0E6A8-C870-E011-A41E-005056BD3748",בית יוסף
"17F0E6A8-C870-E011-A41E-005056BD3748",בית ינאי
"19F0E6A8-C870-E011-A41E-005056BD3748",בית יצחק-שער חפר
"1BF0E6A8-C870-E011-A41E-005056BD3748",בית לחם הגלילית
"1DF0E6A8-C870-E011-A41E-005056BD3748",בית מאיר
"1FF0E6A8-C870-E011-A41E-005056BD3748",בית נחמיה
"21F0E6A8-C870-E011-A41E-005056BD3748",בית ניר
"23F0E6A8-C870-E011-A41E-005056BD3748",בית נקופה
"25F0E6A8-C870-E011-A41E-005056BD3748",בית עובד
"27F0E6A8-C870-E011-A41E-005056BD3748",בית עוזיאל
"29F0E6A8-C870-E011-A41E-005056BD3748",בית עזרא
"2BF0E6A8-C870-E011-A41E-005056BD3748",בית עריף
"2DF0E6A8-C870-E011-A41E-005056BD3748",בית צבי
"2FF0E6A8-C870-E011-A41E-005056BD3748",בית קמה
"31F0E6A8-C870-E011-A41E-005056BD3748",בית קשת
"33F0E6A8-C870-E011-A41E-005056BD3748",בית רבן
"35F0E6A8-C870-E011-A41E-005056BD3748",בית רימון
"37F0E6A8-C870-E011-A41E-005056BD3748",בית שאן
"39F0E6A8-C870-E011-A41E-005056BD3748",בית שמש
"3BF0E6A8-C870-E011-A41E-005056BD3748",בית שערים
"3DF0E6A8-C870-E011-A41E-005056BD3748",בית שקמה
"3FF0E6A8-C870-E011-A41E-005056BD3748",ביתן אהרן
"41F0E6A8-C870-E011-A41E-005056BD3748",ביתר עילית
"43F0E6A8-C870-E011-A41E-005056BD3748",בלפוריה
"45F0E6A8-C870-E011-A41E-005056BD3748",בן זכאי
"47F0E6A8-C870-E011-A41E-005056BD3748",בן עמי
"49F0E6A8-C870-E011-A41E-005056BD3748",בן שמן (כפר נוער)
"4BF0E6A8-C870-E011-A41E-005056BD3748",בן שמן (מושב)
"4DF0E6A8-C870-E011-A41E-005056BD3748",בני ברק
"4FF0E6A8-C870-E011-A41E-005056BD3748",בני דרום
"51F0E6A8-C870-E011-A41E-005056BD3748",בני דרור
"53F0E6A8-C870-E011-A41E-005056BD3748",בני יהודה
"55F0E6A8-C870-E011-A41E-005056BD3748",בני עטרות
"57F0E6A8-C870-E011-A41E-005056BD3748","בני עי""ש"
"59F0E6A8-C870-E011-A41E-005056BD3748",בני עצמון
"5BF0E6A8-C870-E011-A41E-005056BD3748",בני ציון
"5DF0E6A8-C870-E011-A41E-005056BD3748",בני ראם
"5FF0E6A8-C870-E011-A41E-005056BD3748",בניה
"61F0E6A8-C870-E011-A41E-005056BD3748",בנימינה-גבעת עדה
"63F0E6A8-C870-E011-A41E-005056BD3748","בסמ""ה"
"65F0E6A8-C870-E011-A41E-005056BD3748",בסמת טבעון
"67F0E6A8-C870-E011-A41E-005056BD3748",בצרה
"69F0E6A8-C870-E011-A41E-005056BD3748",בצת
"6BF0E6A8-C870-E011-A41E-005056BD3748",בקוע
"6DF0E6A8-C870-E011-A41E-005056BD3748",בקעות
"6FF0E6A8-C870-E011-A41E-005056BD3748",בר גיורא
"71F0E6A8-C870-E011-A41E-005056BD3748",בר יוחאי
"73F0E6A8-C870-E011-A41E-005056BD3748",ברור חיל
"75F0E6A8-C870-E011-A41E-005056BD3748",ברוש
"77F0E6A8-C870-E011-A41E-005056BD3748",ברכה
"79F0E6A8-C870-E011-A41E-005056BD3748",ברכיה
"7BF0E6A8-C870-E011-A41E-005056BD3748",ברעם
"7DF0E6A8-C870-E011-A41E-005056BD3748",ברק
"7FF0E6A8-C870-E011-A41E-005056BD3748",ברקאי
"81F0E6A8-C870-E011-A41E-005056BD3748",ברקן
"83F0E6A8-C870-E011-A41E-005056BD3748",ברקת
"85F0E6A8-C870-E011-A41E-005056BD3748",בת הדר
"87F0E6A8-C870-E011-A41E-005056BD3748",בת חן
"89F0E6A8-C870-E011-A41E-005056BD3748",בת חפר
"8BF0E6A8-C870-E011-A41E-005056BD3748",בת חצור
"8DF0E6A8-C870-E011-A41E-005056BD3748",בת ים
"8FF0E6A8-C870-E011-A41E-005056BD3748",בת עין
"91F0E6A8-C870-E011-A41E-005056BD3748",בת שלמה
"93F0E6A8-C870-E011-A41E-005056BD3748",גאולי תימן
"95F0E6A8-C870-E011-A41E-005056BD3748",גאולים
"97F0E6A8-C870-E011-A41E-005056BD3748",גאליה
"99F0E6A8-C870-E011-A41E-005056BD3748",גבולות
"9BF0E6A8-C870-E011-A41E-005056BD3748",גבים
"9DF0E6A8-C870-E011-A41E-005056BD3748",גבע
"9FF0E6A8-C870-E011-A41E-005056BD3748",גבע בנימין
A1F0E6A8-C870-E011-A41E-005056BD3748,גבע כרמל
A3F0E6A8-C870-E011-A41E-005056BD3748,גבעולים
A5F0E6A8-C870-E011-A41E-005056BD3748,גבעון החדשה
A7F0E6A8-C870-E011-A41E-005056BD3748,גבעות בר
A9F0E6A8-C870-E011-A41E-005056BD3748,גבעת אבני
ABF0E6A8-C870-E011-A41E-005056BD3748,גבעת עדה
ADF0E6A8-C870-E011-A41E-005056BD3748,גבעת ברנר
AFF0E6A8-C870-E011-A41E-005056BD3748,גבעת השלושה
B1F0E6A8-C870-E011-A41E-005056BD3748,גבעת זאב
B3F0E6A8-C870-E011-A41E-005056BD3748,"גבעת ח""ן"
B5F0E6A8-C870-E011-A41E-005056BD3748,גבעת חיים (איחוד)
B7F0E6A8-C870-E011-A41E-005056BD3748,גבעת חיים (מאוחד)
B9F0E6A8-C870-E011-A41E-005056BD3748,גבעת יואב
BBF0E6A8-C870-E011-A41E-005056BD3748,גבעת יערים
BDF0E6A8-C870-E011-A41E-005056BD3748,גבעת ישעיהו
BFF0E6A8-C870-E011-A41E-005056BD3748,"גבעת כ""ח"
C1F0E6A8-C870-E011-A41E-005056BD3748,"גבעת ניל""י"
C3F0E6A8-C870-E011-A41E-005056BD3748,גבעת עוז
C5F0E6A8-C870-E011-A41E-005056BD3748,גבעת שמואל
C7F0E6A8-C870-E011-A41E-005056BD3748,גבעת שמש
C9F0E6A8-C870-E011-A41E-005056BD3748,גבעת שפירא
CBF0E6A8-C870-E011-A41E-005056BD3748,גבעתי
CDF0E6A8-C870-E011-A41E-005056BD3748,גבעתיים
CFF0E6A8-C870-E011-A41E-005056BD3748,גברעם
D1F0E6A8-C870-E011-A41E-005056BD3748,גבת
D3F0E6A8-C870-E011-A41E-005056BD3748,גדות
D5F0E6A8-C870-E011-A41E-005056BD3748,גדיד
D7F0E6A8-C870-E011-A41E-005056BD3748,ג'דיידה-מכר
D9F0E6A8-C870-E011-A41E-005056BD3748,גדיש
DBF0E6A8-C870-E011-A41E-005056BD3748,גדעונה
DDF0E6A8-C870-E011-A41E-005056BD3748,גדרה
DFF0E6A8-C870-E011-A41E-005056BD3748,ג'ולס
E1F0E6A8-C870-E011-A41E-005056BD3748,גונן
E3F0E6A8-C870-E011-A41E-005056BD3748,גורן
E5F0E6A8-C870-E011-A41E-005056BD3748,גורנות הגליל
E7F0E6A8-C870-E011-A41E-005056BD3748,גזית
E9F0E6A8-C870-E011-A41E-005056BD3748,גזר
EBF0E6A8-C870-E011-A41E-005056BD3748,גיאה
EDF0E6A8-C870-E011-A41E-005056BD3748,גיבתון
EFF0E6A8-C870-E011-A41E-005056BD3748,גיזו
F1F0E6A8-C870-E011-A41E-005056BD3748,גילון
F3F0E6A8-C870-E011-A41E-005056BD3748,גילת
F5F0E6A8-C870-E011-A41E-005056BD3748,גינוסר
F7F0E6A8-C870-E011-A41E-005056BD3748,גיניגר
F9F0E6A8-C870-E011-A41E-005056BD3748,גינתון
FBF0E6A8-C870-E011-A41E-005056BD3748,גיתה
FDF0E6A8-C870-E011-A41E-005056BD3748,גיתית
FFF0E6A8-C870-E011-A41E-005056BD3748,גילאון
"01F1E6A8-C870-E011-A41E-005056BD3748",ג'לג'וליה
"03F1E6A8-C870-E011-A41E-005056BD3748",גלגל
"05F1E6A8-C870-E011-A41E-005056BD3748",גליל ים
"07F1E6A8-C870-E011-A41E-005056BD3748",גלעד (אבן יצחק)
"09F1E6A8-C870-E011-A41E-005056BD3748",גמזו
"0BF1E6A8-C870-E011-A41E-005056BD3748",גן אור
"0DF1E6A8-C870-E011-A41E-005056BD3748",גן הדרום
"0FF1E6A8-C870-E011-A41E-005056BD3748",גן השומרון
"11F1E6A8-C870-E011-A41E-005056BD3748",גן חיים
"13F1E6A8-C870-E011-A41E-005056BD3748",גן יאשיה
"15F1E6A8-C870-E011-A41E-005056BD3748",גן יבנה
"17F1E6A8-C870-E011-A41E-005056BD3748",גן נר
"19F1E6A8-C870-E011-A41E-005056BD3748",גן שורק
"1BF1E6A8-C870-E011-A41E-005056BD3748",גן שלמה
"1DF1E6A8-C870-E011-A41E-005056BD3748",גן שמואל
"1FF1E6A8-C870-E011-A41E-005056BD3748",ג'נאביב (שבט)
"21F1E6A8-C870-E011-A41E-005056BD3748",גנות
"23F1E6A8-C870-E011-A41E-005056BD3748",גנות הדר
"25F1E6A8-C870-E011-A41E-005056BD3748",גני הדר
"27F1E6A8-C870-E011-A41E-005056BD3748",גני טל
"29F1E6A8-C870-E011-A41E-005056BD3748",גני יהודה
"2BF1E6A8-C870-E011-A41E-005056BD3748",גני יוחנן
"2DF1E6A8-C870-E011-A41E-005056BD3748",גני עם
"2FF1E6A8-C870-E011-A41E-005056BD3748",גני תקווה
"31F1E6A8-C870-E011-A41E-005056BD3748",גנים
"33F1E6A8-C870-E011-A41E-005056BD3748",ג'סר א-זרקא
"35F1E6A8-C870-E011-A41E-005056BD3748",געש
"37F1E6A8-C870-E011-A41E-005056BD3748",געתון
"39F1E6A8-C870-E011-A41E-005056BD3748",גפן
"3BF1E6A8-C870-E011-A41E-005056BD3748",גרופית
"3DF1E6A8-C870-E011-A41E-005056BD3748",ג'ש (גוש חלב)
"3FF1E6A8-C870-E011-A41E-005056BD3748",גשור
"41F1E6A8-C870-E011-A41E-005056BD3748",גשר
"43F1E6A8-C870-E011-A41E-005056BD3748",גשר הזיו
"45F1E6A8-C870-E011-A41E-005056BD3748",גת (קיבוץ)
"47F1E6A8-C870-E011-A41E-005056BD3748",גת רימון
"49F1E6A8-C870-E011-A41E-005056BD3748",דבורה
"4BF1E6A8-C870-E011-A41E-005056BD3748",דבוריה
"4DF1E6A8-C870-E011-A41E-005056BD3748",דבירה
"4FF1E6A8-C870-E011-A41E-005056BD3748",דברת
"51F1E6A8-C870-E011-A41E-005056BD3748",דגניה א'
"53F1E6A8-C870-E011-A41E-005056BD3748",דגניה ב'
"55F1E6A8-C870-E011-A41E-005056BD3748","דוב""ב"
"57F1E6A8-C870-E011-A41E-005056BD3748",דוגית
"59F1E6A8-C870-E011-A41E-005056BD3748",דולב
"5BF1E6A8-C870-E011-A41E-005056BD3748",דור
"5DF1E6A8-C870-E011-A41E-005056BD3748",דורות
"5FF1E6A8-C870-E011-A41E-005056BD3748",דחי
"61F1E6A8-C870-E011-A41E-005056BD3748",דייר חנא
"63F1E6A8-C870-E011-A41E-005056BD3748",דייר ראפאת
"65F1E6A8-C870-E011-A41E-005056BD3748",דימונה
"67F1E6A8-C870-E011-A41E-005056BD3748",דישון
"69F1E6A8-C870-E011-A41E-005056BD3748",דליה
"6BF1E6A8-C870-E011-A41E-005056BD3748",דלתון
"6DF1E6A8-C870-E011-A41E-005056BD3748",דמיידה
"6FF1E6A8-C870-E011-A41E-005056BD3748",דן
"71F1E6A8-C870-E011-A41E-005056BD3748",דפנה
"73F1E6A8-C870-E011-A41E-005056BD3748",דקל
"75F1E6A8-C870-E011-A41E-005056BD3748",דריג'את
"77F1E6A8-C870-E011-A41E-005056BD3748",האון
"79F1E6A8-C870-E011-A41E-005056BD3748",הבונים
"7BF1E6A8-C870-E011-A41E-005056BD3748",הגושרים
"7DF1E6A8-C870-E011-A41E-005056BD3748",הדר עם
"7FF1E6A8-C870-E011-A41E-005056BD3748",הוד השרון
"81F1E6A8-C870-E011-A41E-005056BD3748",הודיה
"83F1E6A8-C870-E011-A41E-005056BD3748",הודיות
"85F1E6A8-C870-E011-A41E-005056BD3748",הוואשלה (שבט)
"87F1E6A8-C870-E011-A41E-005056BD3748",הוזייל (שבט)
"89F1E6A8-C870-E011-A41E-005056BD3748",הושעיה
"8BF1E6A8-C870-E011-A41E-005056BD3748",הזורע
"8DF1E6A8-C870-E011-A41E-005056BD3748",הזורעים
"8FF1E6A8-C870-E011-A41E-005056BD3748",החותרים
"91F1E6A8-C870-E011-A41E-005056BD3748",היוגב
"93F1E6A8-C870-E011-A41E-005056BD3748",הילה
"95F1E6A8-C870-E011-A41E-005056BD3748",המעפיל
"97F1E6A8-C870-E011-A41E-005056BD3748",הסוללים
"99F1E6A8-C870-E011-A41E-005056BD3748",העוגן
"9BF1E6A8-C870-E011-A41E-005056BD3748",הר אדר
"9DF1E6A8-C870-E011-A41E-005056BD3748",הר גילה
"9FF1E6A8-C870-E011-A41E-005056BD3748",הר עמשא
A1F1E6A8-C870-E011-A41E-005056BD3748,הראל
A3F1E6A8-C870-E011-A41E-005056BD3748,הרדוף
A5F1E6A8-C870-E011-A41E-005056BD3748,הרצליה
A7F1E6A8-C870-E011-A41E-005056BD3748,הררית
A9F1E6A8-C870-E011-A41E-005056BD3748,ורד יריחו
ABF1E6A8-C870-E011-A41E-005056BD3748,ורדון
ADF1E6A8-C870-E011-A41E-005056BD3748,זבארגה (שבט)
AFF1E6A8-C870-E011-A41E-005056BD3748,זבדיאל
B1F1E6A8-C870-E011-A41E-005056BD3748,זוהר
B3F1E6A8-C870-E011-A41E-005056BD3748,זיקים
B5F1E6A8-C870-E011-A41E-005056BD3748,זיתן
B7F1E6A8-C870-E011-A41E-005056BD3748,זכרון יעקב
B9F1E6A8-C870-E011-A41E-005056BD3748,זכריה
BBF1E6A8-C870-E011-A41E-005056BD3748,זמר
BDF1E6A8-C870-E011-A41E-005056BD3748,זמרת
BFF1E6A8-C870-E011-A41E-005056BD3748,זנוח
C1F1E6A8-C870-E011-A41E-005056BD3748,זרועה
C3F1E6A8-C870-E011-A41E-005056BD3748,זרזיר
C5F1E6A8-C870-E011-A41E-005056BD3748,זרחיה
C7F1E6A8-C870-E011-A41E-005056BD3748,חבצלת השרון
C9F1E6A8-C870-E011-A41E-005056BD3748,חבר
CBF1E6A8-C870-E011-A41E-005056BD3748,חברון
CDF1E6A8-C870-E011-A41E-005056BD3748,חגור
CFF1E6A8-C870-E011-A41E-005056BD3748,חגי
D1F1E6A8-C870-E011-A41E-005056BD3748,חגלה
D3F1E6A8-C870-E011-A41E-005056BD3748,חדיד
D5F1E6A8-C870-E011-A41E-005056BD3748,חד-נס
D7F1E6A8-C870-E011-A41E-005056BD3748,חדרה
D9F1E6A8-C870-E011-A41E-005056BD3748,ח'ואלד
DBF1E6A8-C870-E011-A41E-005056BD3748,ח'ואלד (שבט)
DDF1E6A8-C870-E011-A41E-005056BD3748,חוג'ייראת (ד'הרה)
DFF1E6A8-C870-E011-A41E-005056BD3748,חולדה
E1F1E6A8-C870-E011-A41E-005056BD3748,חולון
E3F1E6A8-C870-E011-A41E-005056BD3748,חולית
E5F1E6A8-C870-E011-A41E-005056BD3748,חולתה
E7F1E6A8-C870-E011-A41E-005056BD3748,חומש
E9F1E6A8-C870-E011-A41E-005056BD3748,חוסן
EBF1E6A8-C870-E011-A41E-005056BD3748,חוסנייה
EDF1E6A8-C870-E011-A41E-005056BD3748,חופית
EFF1E6A8-C870-E011-A41E-005056BD3748,חוקוק
F1F1E6A8-C870-E011-A41E-005056BD3748,חורה
F3F1E6A8-C870-E011-A41E-005056BD3748,חורפיש
F5F1E6A8-C870-E011-A41E-005056BD3748,חורשים
F7F1E6A8-C870-E011-A41E-005056BD3748,חזון
F9F1E6A8-C870-E011-A41E-005056BD3748,חיבת ציון
FBF1E6A8-C870-E011-A41E-005056BD3748,חיננית
FDF1E6A8-C870-E011-A41E-005056BD3748,חיפה
FFF1E6A8-C870-E011-A41E-005056BD3748,חירות
"01F2E6A8-C870-E011-A41E-005056BD3748",חלוץ
"03F2E6A8-C870-E011-A41E-005056BD3748",חלמיש
"05F2E6A8-C870-E011-A41E-005056BD3748",חלץ
"07F2E6A8-C870-E011-A41E-005056BD3748",חמאם
"09F2E6A8-C870-E011-A41E-005056BD3748",חמד
"0BF2E6A8-C870-E011-A41E-005056BD3748",חמדיה
"0DF2E6A8-C870-E011-A41E-005056BD3748",חמדת
"0FF2E6A8-C870-E011-A41E-005056BD3748",חמרה
"11F2E6A8-C870-E011-A41E-005056BD3748",חניאל
"13F2E6A8-C870-E011-A41E-005056BD3748",חניתה
"15F2E6A8-C870-E011-A41E-005056BD3748",חנתון
"17F2E6A8-C870-E011-A41E-005056BD3748",חספין
"19F2E6A8-C870-E011-A41E-005056BD3748",חפץ חיים
"1BF2E6A8-C870-E011-A41E-005056BD3748",חפצי-בה
"1DF2E6A8-C870-E011-A41E-005056BD3748",חצב
"1FF2E6A8-C870-E011-A41E-005056BD3748",חצבה
"21F2E6A8-C870-E011-A41E-005056BD3748",חצור הגלילית
"23F2E6A8-C870-E011-A41E-005056BD3748",חצור-אשדוד
"25F2E6A8-C870-E011-A41E-005056BD3748",חצר בארותיים
"27F2E6A8-C870-E011-A41E-005056BD3748",חצרות חולדה
"29F2E6A8-C870-E011-A41E-005056BD3748",חצרות יסף
"2BF2E6A8-C870-E011-A41E-005056BD3748","חצרות כ""ח"
"2DF2E6A8-C870-E011-A41E-005056BD3748",חצרים
"2FF2E6A8-C870-E011-A41E-005056BD3748",חרב לאת
"31F2E6A8-C870-E011-A41E-005056BD3748",חרוצים
"33F2E6A8-C870-E011-A41E-005056BD3748",חרמש
"35F2E6A8-C870-E011-A41E-005056BD3748",חרשים
"37F2E6A8-C870-E011-A41E-005056BD3748",חשמונאים
"39F2E6A8-C870-E011-A41E-005056BD3748",טבריה
"3BF2E6A8-C870-E011-A41E-005056BD3748",טובא-זנגריה
"3DF2E6A8-C870-E011-A41E-005056BD3748",טורעאן
"3FF2E6A8-C870-E011-A41E-005056BD3748",טייבה
"41F2E6A8-C870-E011-A41E-005056BD3748",טייבה (בעמק)
"43F2E6A8-C870-E011-A41E-005056BD3748",טירה
"45F2E6A8-C870-E011-A41E-005056BD3748",טירת יהודה
"47F2E6A8-C870-E011-A41E-005056BD3748",טירת כרמל
"49F2E6A8-C870-E011-A41E-005056BD3748",טירת צבי
"4BF2E6A8-C870-E011-A41E-005056BD3748",טל שחר
"4DF2E6A8-C870-E011-A41E-005056BD3748",טל-אל
"4FF2E6A8-C870-E011-A41E-005056BD3748",טללים
"51F2E6A8-C870-E011-A41E-005056BD3748",טלמון
"53F2E6A8-C870-E011-A41E-005056BD3748",טמרה
"55F2E6A8-C870-E011-A41E-005056BD3748",טמרה (יזרעאל)
"57F2E6A8-C870-E011-A41E-005056BD3748",טנא
"59F2E6A8-C870-E011-A41E-005056BD3748",טפחות
"5BF2E6A8-C870-E011-A41E-005056BD3748",יאנוח-ג'ת
"5DF2E6A8-C870-E011-A41E-005056BD3748",יבול
"5FF2E6A8-C870-E011-A41E-005056BD3748",יבנאל
"61F2E6A8-C870-E011-A41E-005056BD3748",יבנה
"63F2E6A8-C870-E011-A41E-005056BD3748",יגור
"65F2E6A8-C870-E011-A41E-005056BD3748",יגל
"67F2E6A8-C870-E011-A41E-005056BD3748",יד בנימין
"69F2E6A8-C870-E011-A41E-005056BD3748",יד השמונה
"6BF2E6A8-C870-E011-A41E-005056BD3748",יד חנה
"6DF2E6A8-C870-E011-A41E-005056BD3748",יד מרדכי
"6FF2E6A8-C870-E011-A41E-005056BD3748",יד נתן
"71F2E6A8-C870-E011-A41E-005056BD3748","יד רמב""ם"
"73F2E6A8-C870-E011-A41E-005056BD3748",ידידה
"75F2E6A8-C870-E011-A41E-005056BD3748",יהוד-מונוסון
"77F2E6A8-C870-E011-A41E-005056BD3748",יהל
"79F2E6A8-C870-E011-A41E-005056BD3748",יובל
"7BF2E6A8-C870-E011-A41E-005056BD3748",יובלים
"7DF2E6A8-C870-E011-A41E-005056BD3748",יודפת
"7FF2E6A8-C870-E011-A41E-005056BD3748",יונתן
"81F2E6A8-C870-E011-A41E-005056BD3748",יושיביה
"83F2E6A8-C870-E011-A41E-005056BD3748",יזרעאל
"85F2E6A8-C870-E011-A41E-005056BD3748",יחיעם
"87F2E6A8-C870-E011-A41E-005056BD3748",יטבתה
"89F2E6A8-C870-E011-A41E-005056BD3748","ייט""ב"
"8BF2E6A8-C870-E011-A41E-005056BD3748",יכיני
"8DF2E6A8-C870-E011-A41E-005056BD3748",ינוב
"8FF2E6A8-C870-E011-A41E-005056BD3748",ינון
"91F2E6A8-C870-E011-A41E-005056BD3748",יסוד המעלה
"93F2E6A8-C870-E011-A41E-005056BD3748",יסודות
"95F2E6A8-C870-E011-A41E-005056BD3748",יסעור
"97F2E6A8-C870-E011-A41E-005056BD3748",יעד
"99F2E6A8-C870-E011-A41E-005056BD3748",יעל
"9BF2E6A8-C870-E011-A41E-005056BD3748",יעף
"9DF2E6A8-C870-E011-A41E-005056BD3748",יערה
"9FF2E6A8-C870-E011-A41E-005056BD3748",יפיע
A1F2E6A8-C870-E011-A41E-005056BD3748,יפית
A3F2E6A8-C870-E011-A41E-005056BD3748,יפעת
A5F2E6A8-C870-E011-A41E-005056BD3748,יפתח
A7F2E6A8-C870-E011-A41E-005056BD3748,יצהר
A9F2E6A8-C870-E011-A41E-005056BD3748,יציץ
ABF2E6A8-C870-E011-A41E-005056BD3748,יקום
ADF2E6A8-C870-E011-A41E-005056BD3748,יקיר
AFF2E6A8-C870-E011-A41E-005056BD3748,יקנעם (מושבה)
B1F2E6A8-C870-E011-A41E-005056BD3748,יקנעם עילית
B3F2E6A8-C870-E011-A41E-005056BD3748,יראון
B5F2E6A8-C870-E011-A41E-005056BD3748,ירדנה
B7F2E6A8-C870-E011-A41E-005056BD3748,ירוחם
B9F2E6A8-C870-E011-A41E-005056BD3748,ירושלים
BBF2E6A8-C870-E011-A41E-005056BD3748,ירחיב
BDF2E6A8-C870-E011-A41E-005056BD3748,ירכא
BFF2E6A8-C870-E011-A41E-005056BD3748,ירקונה
C1F2E6A8-C870-E011-A41E-005056BD3748,ישע
C3F2E6A8-C870-E011-A41E-005056BD3748,ישעי
C5F2E6A8-C870-E011-A41E-005056BD3748,ישרש
C7F2E6A8-C870-E011-A41E-005056BD3748,יתד
C9F2E6A8-C870-E011-A41E-005056BD3748,יתיר
CBF2E6A8-C870-E011-A41E-005056BD3748,כאבול
CDF2E6A8-C870-E011-A41E-005056BD3748,כאוכב אבו אל-היג'א
CFF2E6A8-C870-E011-A41E-005056BD3748,כברי
D1F2E6A8-C870-E011-A41E-005056BD3748,כדורי
D3F2E6A8-C870-E011-A41E-005056BD3748,כדים
D5F2E6A8-C870-E011-A41E-005056BD3748,כוכב השחר
D7F2E6A8-C870-E011-A41E-005056BD3748,כוכב יאיר
D9F2E6A8-C870-E011-A41E-005056BD3748,כוכב יעקב
DBF2E6A8-C870-E011-A41E-005056BD3748,כוכב מיכאל
DDF2E6A8-C870-E011-A41E-005056BD3748,כורזים
DFF2E6A8-C870-E011-A41E-005056BD3748,כחל
E1F2E6A8-C870-E011-A41E-005056BD3748,כיסופים
E3F2E6A8-C870-E011-A41E-005056BD3748,כישור
E5F2E6A8-C870-E011-A41E-005056BD3748,כליל
E7F2E6A8-C870-E011-A41E-005056BD3748,כלנית
E9F2E6A8-C870-E011-A41E-005056BD3748,כמאנה
EBF2E6A8-C870-E011-A41E-005056BD3748,כמהין
EDF2E6A8-C870-E011-A41E-005056BD3748,כמון
EFF2E6A8-C870-E011-A41E-005056BD3748,כנות
F1F2E6A8-C870-E011-A41E-005056BD3748,כנף
F3F2E6A8-C870-E011-A41E-005056BD3748,כנרת (מושבה)
F5F2E6A8-C870-E011-A41E-005056BD3748,כנרת (קבוצה)
F7F2E6A8-C870-E011-A41E-005056BD3748,כסיפה
F9F2E6A8-C870-E011-A41E-005056BD3748,כסלון
FBF2E6A8-C870-E011-A41E-005056BD3748,כסרא-סמיע
FDF2E6A8-C870-E011-A41E-005056BD3748,כעביה-טבאש-חג'אג'רה
FFF2E6A8-C870-E011-A41E-005056BD3748,כפר אביב
"01F3E6A8-C870-E011-A41E-005056BD3748",אלון
"03F3E6A8-C870-E011-A41E-005056BD3748",כפר אוריה
"05F3E6A8-C870-E011-A41E-005056BD3748","כפר אז""ר"
"07F3E6A8-C870-E011-A41E-005056BD3748",כפר אחים
"09F3E6A8-C870-E011-A41E-005056BD3748",כפר ביאליק
"0BF3E6A8-C870-E011-A41E-005056BD3748","כפר ביל""ו"
"0DF3E6A8-C870-E011-A41E-005056BD3748",כפר בלום
"0FF3E6A8-C870-E011-A41E-005056BD3748",כפר בן נון
"11F3E6A8-C870-E011-A41E-005056BD3748",כפר ברא
"13F3E6A8-C870-E011-A41E-005056BD3748",כפר ברוך
"15F3E6A8-C870-E011-A41E-005056BD3748",כפר גדעון
"17F3E6A8-C870-E011-A41E-005056BD3748",כפר גלים
"19F3E6A8-C870-E011-A41E-005056BD3748",כפר גליקסון
"1BF3E6A8-C870-E011-A41E-005056BD3748",כפר גלעדי
"1DF3E6A8-C870-E011-A41E-005056BD3748",כפר דניאל
"1FF3E6A8-C870-E011-A41E-005056BD3748",כפר דרום
"21F3E6A8-C870-E011-A41E-005056BD3748",כפר האורנים
"23F3E6A8-C870-E011-A41E-005056BD3748",כפר החורש
"25F3E6A8-C870-E011-A41E-005056BD3748",כפר המכבי
"27F3E6A8-C870-E011-A41E-005056BD3748",כפר הנגיד
"29F3E6A8-C870-E011-A41E-005056BD3748",כפר הנוער הדתי
"2BF3E6A8-C870-E011-A41E-005056BD3748",כפר הנשיא
"2DF3E6A8-C870-E011-A41E-005056BD3748",כפר הס
"2FF3E6A8-C870-E011-A41E-005056BD3748","כפר הרא""ה"
"31F3E6A8-C870-E011-A41E-005056BD3748","כפר הרי""ף"
"33F3E6A8-C870-E011-A41E-005056BD3748",כפר ויתקין
"35F3E6A8-C870-E011-A41E-005056BD3748",כפר ורבורג
"37F3E6A8-C870-E011-A41E-005056BD3748",כפר ורדים
"39F3E6A8-C870-E011-A41E-005056BD3748",כפר זוהרים
"3BF3E6A8-C870-E011-A41E-005056BD3748",כפר זיתים
"3DF3E6A8-C870-E011-A41E-005056BD3748","כפר חב""ד"
"3FF3E6A8-C870-E011-A41E-005056BD3748",כפר חושן
"41F3E6A8-C870-E011-A41E-005056BD3748",כפר חיטים
"43F3E6A8-C870-E011-A41E-005056BD3748",כפר חיים
"45F3E6A8-C870-E011-A41E-005056BD3748",כפר חנניה
"47F3E6A8-C870-E011-A41E-005056BD3748",כפר חסידים א'
"49F3E6A8-C870-E011-A41E-005056BD3748",כפר חסידים ב'
"4BF3E6A8-C870-E011-A41E-005056BD3748",כפר חרוב
"4DF3E6A8-C870-E011-A41E-005056BD3748",כפר טרומן
"4FF3E6A8-C870-E011-A41E-005056BD3748",כפר יאסיף
"51F3E6A8-C870-E011-A41E-005056BD3748",כפר ידידיה
"53F3E6A8-C870-E011-A41E-005056BD3748",כפר יהושע
"55F3E6A8-C870-E011-A41E-005056BD3748",כפר יונה
"57F3E6A8-C870-E011-A41E-005056BD3748",כפר יחזקאל
"59F3E6A8-C870-E011-A41E-005056BD3748",כפר יעבץ
"5BF3E6A8-C870-E011-A41E-005056BD3748",כפר כמא
"5DF3E6A8-C870-E011-A41E-005056BD3748",כפר כנא
"5FF3E6A8-C870-E011-A41E-005056BD3748",כפר מונש
"61F3E6A8-C870-E011-A41E-005056BD3748",כפר מימון
"63F3E6A8-C870-E011-A41E-005056BD3748","כפר מל""ל"
"65F3E6A8-C870-E011-A41E-005056BD3748",כפר מנדא
"67F3E6A8-C870-E011-A41E-005056BD3748",כפר מנחם
"69F3E6A8-C870-E011-A41E-005056BD3748",כפר מסריק
"6BF3E6A8-C870-E011-A41E-005056BD3748",כפר מצר
"6DF3E6A8-C870-E011-A41E-005056BD3748",כפר מרדכי
"6FF3E6A8-C870-E011-A41E-005056BD3748",כפר נטר
"71F3E6A8-C870-E011-A41E-005056BD3748",כפר סאלד
"73F3E6A8-C870-E011-A41E-005056BD3748",כפר סבא
"75F3E6A8-C870-E011-A41E-005056BD3748",כפר סילבר
"77F3E6A8-C870-E011-A41E-005056BD3748",כפר סירקין
"79F3E6A8-C870-E011-A41E-005056BD3748",כפר עבודה
"7BF3E6A8-C870-E011-A41E-005056BD3748",כפר עזה
"7DF3E6A8-C870-E011-A41E-005056BD3748",כפר עציון
"7FF3E6A8-C870-E011-A41E-005056BD3748",כפר פינס
"81F3E6A8-C870-E011-A41E-005056BD3748",כפר קאסם
"83F3E6A8-C870-E011-A41E-005056BD3748",כפר קיש
"85F3E6A8-C870-E011-A41E-005056BD3748",כפר קרע
"87F3E6A8-C870-E011-A41E-005056BD3748",כפר ראש הנקרה
"89F3E6A8-C870-E011-A41E-005056BD3748",כפר רוזנואלד (זרעית)
"8BF3E6A8-C870-E011-A41E-005056BD3748",כפר רופין
"8DF3E6A8-C870-E011-A41E-005056BD3748",כפר רות
"8FF3E6A8-C870-E011-A41E-005056BD3748",כפר שמאי
"91F3E6A8-C870-E011-A41E-005056BD3748",כפר שמואל
"93F3E6A8-C870-E011-A41E-005056BD3748",כפר שמריהו
"95F3E6A8-C870-E011-A41E-005056BD3748",כפר תבור
"97F3E6A8-C870-E011-A41E-005056BD3748",כפר תפוח
"99F3E6A8-C870-E011-A41E-005056BD3748",כרי דשא
"9BF3E6A8-C870-E011-A41E-005056BD3748",כרכום
"9DF3E6A8-C870-E011-A41E-005056BD3748",כרם בן זמרה
"9FF3E6A8-C870-E011-A41E-005056BD3748",כרם בן שמן
A1F3E6A8-C870-E011-A41E-005056BD3748,כרם יבנה (ישיבה)
A3F3E6A8-C870-E011-A41E-005056BD3748,"כרם מהר""ל"
A5F3E6A8-C870-E011-A41E-005056BD3748,כרם שלום
A7F3E6A8-C870-E011-A41E-005056BD3748,כרמי יוסף
A9F3E6A8-C870-E011-A41E-005056BD3748,כרמי צור
ABF3E6A8-C870-E011-A41E-005056BD3748,כרמיאל
ADF3E6A8-C870-E011-A41E-005056BD3748,כרמיה
AFF3E6A8-C870-E011-A41E-005056BD3748,כרמים
B1F3E6A8-C870-E011-A41E-005056BD3748,כרמל
B3F3E6A8-C870-E011-A41E-005056BD3748,לבון
B5F3E6A8-C870-E011-A41E-005056BD3748,לביא
B7F3E6A8-C870-E011-A41E-005056BD3748,לבנים
B9F3E6A8-C870-E011-A41E-005056BD3748,להב
BBF3E6A8-C870-E011-A41E-005056BD3748,להבות הבשן
BDF3E6A8-C870-E011-A41E-005056BD3748,להבות חביבה
BFF3E6A8-C870-E011-A41E-005056BD3748,להבים
C1F3E6A8-C870-E011-A41E-005056BD3748,לוד
C3F3E6A8-C870-E011-A41E-005056BD3748,לוזית
C5F3E6A8-C870-E011-A41E-005056BD3748,לוחמי הגיטאות
C7F3E6A8-C870-E011-A41E-005056BD3748,לוטם
C9F3E6A8-C870-E011-A41E-005056BD3748,לוטן
CBF3E6A8-C870-E011-A41E-005056BD3748,לימן
CDF3E6A8-C870-E011-A41E-005056BD3748,לכיש
CFF3E6A8-C870-E011-A41E-005056BD3748,לפיד
D1F3E6A8-C870-E011-A41E-005056BD3748,לפידות
D3F3E6A8-C870-E011-A41E-005056BD3748,לקיה
D5F3E6A8-C870-E011-A41E-005056BD3748,מאור
D7F3E6A8-C870-E011-A41E-005056BD3748,מאיר שפיה
D9F3E6A8-C870-E011-A41E-005056BD3748,מבוא ביתר
DBF3E6A8-C870-E011-A41E-005056BD3748,מבוא דותן
DDF3E6A8-C870-E011-A41E-005056BD3748,מבוא חורון
DFF3E6A8-C870-E011-A41E-005056BD3748,מבוא חמה
E1F3E6A8-C870-E011-A41E-005056BD3748,מבוא מודיעים
E3F3E6A8-C870-E011-A41E-005056BD3748,מבואות ים
E5F3E6A8-C870-E011-A41E-005056BD3748,מבועים
E7F3E6A8-C870-E011-A41E-005056BD3748,מבטחים
E9F3E6A8-C870-E011-A41E-005056BD3748,מבקיעים
EBF3E6A8-C870-E011-A41E-005056BD3748,מבשרת ציון
EDF3E6A8-C870-E011-A41E-005056BD3748,מגאר
EFF3E6A8-C870-E011-A41E-005056BD3748,מגדים
F1F3E6A8-C870-E011-A41E-005056BD3748,מגדל
F3F3E6A8-C870-E011-A41E-005056BD3748,מגדל העמק
F5F3E6A8-C870-E011-A41E-005056BD3748,מגדל עוז
F7F3E6A8-C870-E011-A41E-005056BD3748,מג'דל שמס
F9F3E6A8-C870-E011-A41E-005056BD3748,מגדלים
FBF3E6A8-C870-E011-A41E-005056BD3748,מגידו
FDF3E6A8-C870-E011-A41E-005056BD3748,מגל
FFF3E6A8-C870-E011-A41E-005056BD3748,מגן
"01F4E6A8-C870-E011-A41E-005056BD3748",מגן שאול
"03F4E6A8-C870-E011-A41E-005056BD3748",מגשימים
"05F4E6A8-C870-E011-A41E-005056BD3748",מדרך עוז
"07F4E6A8-C870-E011-A41E-005056BD3748",מדרשת בן גוריון
"09F4E6A8-C870-E011-A41E-005056BD3748",מדרשת רופין
"0BF4E6A8-C870-E011-A41E-005056BD3748",מודיעין
"0DF4E6A8-C870-E011-A41E-005056BD3748",מודיעין עילית
"0FF4E6A8-C870-E011-A41E-005056BD3748",מולדה
"11F4E6A8-C870-E011-A41E-005056BD3748",מולדת
"13F4E6A8-C870-E011-A41E-005056BD3748",מוצא עילית
"15F4E6A8-C870-E011-A41E-005056BD3748",מוקייבלה
"17F4E6A8-C870-E011-A41E-005056BD3748",מורג
"19F4E6A8-C870-E011-A41E-005056BD3748",מורן
"1BF4E6A8-C870-E011-A41E-005056BD3748",מורשת
"1DF4E6A8-C870-E011-A41E-005056BD3748",מזור
"1FF4E6A8-C870-E011-A41E-005056BD3748",מזכרת בתיה
"21F4E6A8-C870-E011-A41E-005056BD3748",מזרע
"23F4E6A8-C870-E011-A41E-005056BD3748",מזרעה
"25F4E6A8-C870-E011-A41E-005056BD3748",מחולה
"27F4E6A8-C870-E011-A41E-005056BD3748",מחנה הילה
"29F4E6A8-C870-E011-A41E-005056BD3748",מחנה טלי
"2BF4E6A8-C870-E011-A41E-005056BD3748",מחנה יבור
"2DF4E6A8-C870-E011-A41E-005056BD3748",מחנה יהודית
"2FF4E6A8-C870-E011-A41E-005056BD3748",מחנה יוכבד
"31F4E6A8-C870-E011-A41E-005056BD3748",מחנה יפה
"33F4E6A8-C870-E011-A41E-005056BD3748",מחנה יתיר
"35F4E6A8-C870-E011-A41E-005056BD3748",מחנה מרים
"37F4E6A8-C870-E011-A41E-005056BD3748",מחנה עדי
"39F4E6A8-C870-E011-A41E-005056BD3748",מחנה תל נוף
"3BF4E6A8-C870-E011-A41E-005056BD3748",מחניים
"3DF4E6A8-C870-E011-A41E-005056BD3748",מחסיה
"3FF4E6A8-C870-E011-A41E-005056BD3748",מטולה
"41F4E6A8-C870-E011-A41E-005056BD3748",מטע
"43F4E6A8-C870-E011-A41E-005056BD3748",מי עמי
"45F4E6A8-C870-E011-A41E-005056BD3748",מיטב
"47F4E6A8-C870-E011-A41E-005056BD3748",מייסר
"49F4E6A8-C870-E011-A41E-005056BD3748",מיצר
"4BF4E6A8-C870-E011-A41E-005056BD3748",מירב
"4DF4E6A8-C870-E011-A41E-005056BD3748",מירון
"4FF4E6A8-C870-E011-A41E-005056BD3748",מישר
"51F4E6A8-C870-E011-A41E-005056BD3748",מיתר
"53F4E6A8-C870-E011-A41E-005056BD3748",מכבים-רעות
"55F4E6A8-C870-E011-A41E-005056BD3748",מכורה
"57F4E6A8-C870-E011-A41E-005056BD3748",מכחול
"59F4E6A8-C870-E011-A41E-005056BD3748",מכמורת
"5BF4E6A8-C870-E011-A41E-005056BD3748",מכמנים
"5DF4E6A8-C870-E011-A41E-005056BD3748",מלאה
"5FF4E6A8-C870-E011-A41E-005056BD3748",מלילות
"61F4E6A8-C870-E011-A41E-005056BD3748",מלכיה
"63F4E6A8-C870-E011-A41E-005056BD3748",מלכישוע
"65F4E6A8-C870-E011-A41E-005056BD3748",מנוחה
"67F4E6A8-C870-E011-A41E-005056BD3748",מנוף
"69F4E6A8-C870-E011-A41E-005056BD3748",מנות
"6BF4E6A8-C870-E011-A41E-005056BD3748",מנחמיה
"6DF4E6A8-C870-E011-A41E-005056BD3748",מנרה
"6FF4E6A8-C870-E011-A41E-005056BD3748",מנשית זבדה
"71F4E6A8-C870-E011-A41E-005056BD3748",מסד
"73F4E6A8-C870-E011-A41E-005056BD3748",מסדה
"75F4E6A8-C870-E011-A41E-005056BD3748",מסילות
"77F4E6A8-C870-E011-A41E-005056BD3748",מסילת ציון
"79F4E6A8-C870-E011-A41E-005056BD3748",מסלול
"7BF4E6A8-C870-E011-A41E-005056BD3748",מסעדה
"7DF4E6A8-C870-E011-A41E-005056BD3748",מסעודין אל-עזאזמה
"7FF4E6A8-C870-E011-A41E-005056BD3748",מעברות
"81F4E6A8-C870-E011-A41E-005056BD3748",מעגלים
"83F4E6A8-C870-E011-A41E-005056BD3748",מעגן
"85F4E6A8-C870-E011-A41E-005056BD3748",מעגן מיכאל
"87F4E6A8-C870-E011-A41E-005056BD3748",מעוז חיים
"89F4E6A8-C870-E011-A41E-005056BD3748",מעון
"8BF4E6A8-C870-E011-A41E-005056BD3748",מעונה
"8DF4E6A8-C870-E011-A41E-005056BD3748",מעיליא
"8FF4E6A8-C870-E011-A41E-005056BD3748",מעין ברוך
"91F4E6A8-C870-E011-A41E-005056BD3748",מעין צבי
"93F4E6A8-C870-E011-A41E-005056BD3748",מעלה אדומים
"95F4E6A8-C870-E011-A41E-005056BD3748",מעלה אפרים
"97F4E6A8-C870-E011-A41E-005056BD3748",מעלה גלבוע
"99F4E6A8-C870-E011-A41E-005056BD3748",מעלה גמלא
"9BF4E6A8-C870-E011-A41E-005056BD3748",מעלה החמישה
"9DF4E6A8-C870-E011-A41E-005056BD3748",מעלה לבונה
"9FF4E6A8-C870-E011-A41E-005056BD3748",מעלה מכמש
A1F4E6A8-C870-E011-A41E-005056BD3748,מעלה עירון
A3F4E6A8-C870-E011-A41E-005056BD3748,מעלה עמוס
A5F4E6A8-C870-E011-A41E-005056BD3748,מעלה שומרון
A7F4E6A8-C870-E011-A41E-005056BD3748,מעלות-תרשיחא
A9F4E6A8-C870-E011-A41E-005056BD3748,מענית
ABF4E6A8-C870-E011-A41E-005056BD3748,מעש
ADF4E6A8-C870-E011-A41E-005056BD3748,מפלסים
AFF4E6A8-C870-E011-A41E-005056BD3748,מצדות יהודה
B1F4E6A8-C870-E011-A41E-005056BD3748,מצובה
B3F4E6A8-C870-E011-A41E-005056BD3748,מצליח
B5F4E6A8-C870-E011-A41E-005056BD3748,מצפה
B7F4E6A8-C870-E011-A41E-005056BD3748,"מצפה אבי""ב"
B9F4E6A8-C870-E011-A41E-005056BD3748,מצפה יריחו
BBF4E6A8-C870-E011-A41E-005056BD3748,מצפה נטופה
BDF4E6A8-C870-E011-A41E-005056BD3748,מצפה רמון
BFF4E6A8-C870-E011-A41E-005056BD3748,מצפה שלם
C1F4E6A8-C870-E011-A41E-005056BD3748,מצר
C3F4E6A8-C870-E011-A41E-005056BD3748,מקווה ישראל
C5F4E6A8-C870-E011-A41E-005056BD3748,מרגליות
C7F4E6A8-C870-E011-A41E-005056BD3748,מרום גולן
C9F4E6A8-C870-E011-A41E-005056BD3748,מרחב עם
CBF4E6A8-C870-E011-A41E-005056BD3748,מרחביה (מושב)
CDF4E6A8-C870-E011-A41E-005056BD3748,מרחביה (קיבוץ)
CFF4E6A8-C870-E011-A41E-005056BD3748,מרכז שפירא
D1F4E6A8-C870-E011-A41E-005056BD3748,משאבי שדה
D3F4E6A8-C870-E011-A41E-005056BD3748,משגב דב
D5F4E6A8-C870-E011-A41E-005056BD3748,משגב עם
D7F4E6A8-C870-E011-A41E-005056BD3748,משהד
D9F4E6A8-C870-E011-A41E-005056BD3748,משואה
DBF4E6A8-C870-E011-A41E-005056BD3748,משואות יצחק
DDF4E6A8-C870-E011-A41E-005056BD3748,משכיות
DFF4E6A8-C870-E011-A41E-005056BD3748,משמר איילון
E1F4E6A8-C870-E011-A41E-005056BD3748,משמר דוד
E3F4E6A8-C870-E011-A41E-005056BD3748,משמר הירדן
E5F4E6A8-C870-E011-A41E-005056BD3748,משמר הנגב
E7F4E6A8-C870-E011-A41E-005056BD3748,משמר העמק
E9F4E6A8-C870-E011-A41E-005056BD3748,משמר השבעה
EBF4E6A8-C870-E011-A41E-005056BD3748,משמר השרון
EDF4E6A8-C870-E011-A41E-005056BD3748,משמרות
EFF4E6A8-C870-E011-A41E-005056BD3748,משמרת
F1F4E6A8-C870-E011-A41E-005056BD3748,משען
F3F4E6A8-C870-E011-A41E-005056BD3748,מתן
F5F4E6A8-C870-E011-A41E-005056BD3748,מתת
F7F4E6A8-C870-E011-A41E-005056BD3748,מתתיהו
F9F4E6A8-C870-E011-A41E-005056BD3748,נאות גולן
FBF4E6A8-C870-E011-A41E-005056BD3748,נאות הכיכר
FDF4E6A8-C870-E011-A41E-005056BD3748,נאות מרדכי
FFF4E6A8-C870-E011-A41E-005056BD3748,נאות סמדר
"01F5E6A8-C870-E011-A41E-005056BD3748",נאעורה
"03F5E6A8-C870-E011-A41E-005056BD3748",נבטים
"05F5E6A8-C870-E011-A41E-005056BD3748",נגבה
"07F5E6A8-C870-E011-A41E-005056BD3748",נגוהות
"09F5E6A8-C870-E011-A41E-005056BD3748",נהורה
"0BF5E6A8-C870-E011-A41E-005056BD3748",נהלל
"0DF5E6A8-C870-E011-A41E-005056BD3748",נהריה
"0FF5E6A8-C870-E011-A41E-005056BD3748",נוב
"11F5E6A8-C870-E011-A41E-005056BD3748",נוגה
"13F5E6A8-C870-E011-A41E-005056BD3748",נווה אבות
"15F5E6A8-C870-E011-A41E-005056BD3748",נווה אור
"17F5E6A8-C870-E011-A41E-005056BD3748","נווה אטי""ב"
"19F5E6A8-C870-E011-A41E-005056BD3748",נווה אילן
"1BF5E6A8-C870-E011-A41E-005056BD3748",נווה איתן
"1DF5E6A8-C870-E011-A41E-005056BD3748",נווה אפעל
"1FF5E6A8-C870-E011-A41E-005056BD3748",נווה דניאל
"21F5E6A8-C870-E011-A41E-005056BD3748",נווה דקלים
"23F5E6A8-C870-E011-A41E-005056BD3748",נווה זוהר
"25F5E6A8-C870-E011-A41E-005056BD3748",נווה זיו
"27F5E6A8-C870-E011-A41E-005056BD3748",נווה חריף
"29F5E6A8-C870-E011-A41E-005056BD3748",נווה ים
"2BF5E6A8-C870-E011-A41E-005056BD3748",נווה ימין
"2DF5E6A8-C870-E011-A41E-005056BD3748",נווה ירק
"2FF5E6A8-C870-E011-A41E-005056BD3748",נווה מבטח
"31F5E6A8-C870-E011-A41E-005056BD3748",נווה מיכאל
"33F5E6A8-C870-E011-A41E-005056BD3748",נווה שלום
"35F5E6A8-C870-E011-A41E-005056BD3748",נועם
"37F5E6A8-C870-E011-A41E-005056BD3748",נוף איילון
"39F5E6A8-C870-E011-A41E-005056BD3748",נופים
"3BF5E6A8-C870-E011-A41E-005056BD3748",נופית
"3DF5E6A8-C870-E011-A41E-005056BD3748",נופך
"3FF5E6A8-C870-E011-A41E-005056BD3748",נוקדים
"41F5E6A8-C870-E011-A41E-005056BD3748",נורדיה
"43F5E6A8-C870-E011-A41E-005056BD3748",נורית
"45F5E6A8-C870-E011-A41E-005056BD3748",נחושה
"47F5E6A8-C870-E011-A41E-005056BD3748",נחל עוז
"49F5E6A8-C870-E011-A41E-005056BD3748",נחלה
"4BF5E6A8-C870-E011-A41E-005056BD3748",נחליאל
"4DF5E6A8-C870-E011-A41E-005056BD3748",נחלים
"4FF5E6A8-C870-E011-A41E-005056BD3748",נחם
"51F5E6A8-C870-E011-A41E-005056BD3748",נחף
"53F5E6A8-C870-E011-A41E-005056BD3748",נחשולים
"55F5E6A8-C870-E011-A41E-005056BD3748",נחשון
"57F5E6A8-C870-E011-A41E-005056BD3748",נחשונים
"59F5E6A8-C870-E011-A41E-005056BD3748",נטועה
"5BF5E6A8-C870-E011-A41E-005056BD3748",נטור
"5DF5E6A8-C870-E011-A41E-005056BD3748",נטעים
"5FF5E6A8-C870-E011-A41E-005056BD3748",נטף
"61F5E6A8-C870-E011-A41E-005056BD3748",ניין
"63F5E6A8-C870-E011-A41E-005056BD3748","ניל""י"
"65F5E6A8-C870-E011-A41E-005056BD3748",ניסנית
"67F5E6A8-C870-E011-A41E-005056BD3748",ניצן
"69F5E6A8-C870-E011-A41E-005056BD3748",ניצנה (קהילת חינוך)
"6BF5E6A8-C870-E011-A41E-005056BD3748",ניצני סיני
"6DF5E6A8-C870-E011-A41E-005056BD3748",ניצני עוז
"6FF5E6A8-C870-E011-A41E-005056BD3748",ניצנים
"71F5E6A8-C870-E011-A41E-005056BD3748",ניר אליהו
"73F5E6A8-C870-E011-A41E-005056BD3748",ניר בנים
"75F5E6A8-C870-E011-A41E-005056BD3748",ניר גלים
"77F5E6A8-C870-E011-A41E-005056BD3748",ניר דוד (תל עמל)
"79F5E6A8-C870-E011-A41E-005056BD3748","ניר ח""ן"
"7BF5E6A8-C870-E011-A41E-005056BD3748",ניר יפה
"7DF5E6A8-C870-E011-A41E-005056BD3748",ניר יצחק
"7FF5E6A8-C870-E011-A41E-005056BD3748",ניר ישראל
"81F5E6A8-C870-E011-A41E-005056BD3748",ניר משה
"83F5E6A8-C870-E011-A41E-005056BD3748",ניר עוז
"85F5E6A8-C870-E011-A41E-005056BD3748",ניר עם
"87F5E6A8-C870-E011-A41E-005056BD3748",ניר עציון
"89F5E6A8-C870-E011-A41E-005056BD3748",ניר עקיבא
"8BF5E6A8-C870-E011-A41E-005056BD3748",ניר צבי
"8DF5E6A8-C870-E011-A41E-005056BD3748",נירים
"8FF5E6A8-C870-E011-A41E-005056BD3748",נירית
"91F5E6A8-C870-E011-A41E-005056BD3748",נירן
"93F5E6A8-C870-E011-A41E-005056BD3748",נס הרים
"95F5E6A8-C870-E011-A41E-005056BD3748",נס עמים
"97F5E6A8-C870-E011-A41E-005056BD3748",נס ציונה
"99F5E6A8-C870-E011-A41E-005056BD3748",נעורים
"9BF5E6A8-C870-E011-A41E-005056BD3748",נעלה
"9DF5E6A8-C870-E011-A41E-005056BD3748",נעמי
"9FF5E6A8-C870-E011-A41E-005056BD3748",נען
A1F5E6A8-C870-E011-A41E-005056BD3748,נצאצרה (שבט)
A3F5E6A8-C870-E011-A41E-005056BD3748,נצר חזני
A5F5E6A8-C870-E011-A41E-005056BD3748,נצר סרני
A7F5E6A8-C870-E011-A41E-005056BD3748,נצרים
A9F5E6A8-C870-E011-A41E-005056BD3748,רהט
ABF5E6A8-C870-E011-A41E-005056BD3748,נצרת עילית
ADF5E6A8-C870-E011-A41E-005056BD3748,נשר
AFF5E6A8-C870-E011-A41E-005056BD3748,נתיב הגדוד
B1F5E6A8-C870-E011-A41E-005056BD3748,"נתיב הל""ה"
B3F5E6A8-C870-E011-A41E-005056BD3748,נתיב העשרה
B5F5E6A8-C870-E011-A41E-005056BD3748,נתיב השיירה
B7F5E6A8-C870-E011-A41E-005056BD3748,נתיבות
B9F5E6A8-C870-E011-A41E-005056BD3748,נתניה
BBF5E6A8-C870-E011-A41E-005056BD3748,סאג'ור
BDF5E6A8-C870-E011-A41E-005056BD3748,סאסא
BFF5E6A8-C870-E011-A41E-005056BD3748,סביון
C1F5E6A8-C870-E011-A41E-005056BD3748,סגולה
C3F5E6A8-C870-E011-A41E-005056BD3748,סואעד (כמאנה) (שבט)
C5F5E6A8-C870-E011-A41E-005056BD3748,סוואעד חמיירה
C7F5E6A8-C870-E011-A41E-005056BD3748,סולם
C9F5E6A8-C870-E011-A41E-005056BD3748,סוסיה
CBF5E6A8-C870-E011-A41E-005056BD3748,סופה
CDF5E6A8-C870-E011-A41E-005056BD3748,סח'נין
CFF5E6A8-C870-E011-A41E-005056BD3748,סייד (שבט)
D1F5E6A8-C870-E011-A41E-005056BD3748,סלמה
D3F5E6A8-C870-E011-A41E-005056BD3748,סלעית
D5F5E6A8-C870-E011-A41E-005056BD3748,סמר
D7F5E6A8-C870-E011-A41E-005056BD3748,סנסנה
D9F5E6A8-C870-E011-A41E-005056BD3748,סעד
DBF5E6A8-C870-E011-A41E-005056BD3748,סער
DDF5E6A8-C870-E011-A41E-005056BD3748,ספיר
DFF5E6A8-C870-E011-A41E-005056BD3748,סתריה
E1F5E6A8-C870-E011-A41E-005056BD3748,עבדון
E3F5E6A8-C870-E011-A41E-005056BD3748,עברון
E5F5E6A8-C870-E011-A41E-005056BD3748,עגור
E7F5E6A8-C870-E011-A41E-005056BD3748,ע'ג'ר
E9F5E6A8-C870-E011-A41E-005056BD3748,עדי
EBF5E6A8-C870-E011-A41E-005056BD3748,עדנים
EDF5E6A8-C870-E011-A41E-005056BD3748,עוזה
EFF5E6A8-C870-E011-A41E-005056BD3748,עוזייר
F1F5E6A8-C870-E011-A41E-005056BD3748,עולש
F3F5E6A8-C870-E011-A41E-005056BD3748,עומר
F5F5E6A8-C870-E011-A41E-005056BD3748,עופר
F7F5E6A8-C870-E011-A41E-005056BD3748,עופרה
F9F5E6A8-C870-E011-A41E-005056BD3748,עוצם
FBF5E6A8-C870-E011-A41E-005056BD3748,עוקבי (בנו עוקבה)
FDF5E6A8-C870-E011-A41E-005056BD3748,עזוז
FFF5E6A8-C870-E011-A41E-005056BD3748,עזר
"01F6E6A8-C870-E011-A41E-005056BD3748",עזריאל
"03F6E6A8-C870-E011-A41E-005056BD3748",עזריה
"05F6E6A8-C870-E011-A41E-005056BD3748",עזריקם
"07F6E6A8-C870-E011-A41E-005056BD3748",עטאוונה (שבט)
"09F6E6A8-C870-E011-A41E-005056BD3748",עטרת
"0BF6E6A8-C870-E011-A41E-005056BD3748",עידן
"0DF6E6A8-C870-E011-A41E-005056BD3748",עיילבון
"0FF6E6A8-C870-E011-A41E-005056BD3748",עיינות
"11F6E6A8-C870-E011-A41E-005056BD3748",עילוט
"13F6E6A8-C870-E011-A41E-005056BD3748",עין איילה
"15F6E6A8-C870-E011-A41E-005056BD3748",עין אל-אסד
"17F6E6A8-C870-E011-A41E-005056BD3748",עין גב
"19F6E6A8-C870-E011-A41E-005056BD3748",עין גדי
"1BF6E6A8-C870-E011-A41E-005056BD3748",עין דור
"1DF6E6A8-C870-E011-A41E-005056BD3748",עין הבשור
"1FF6E6A8-C870-E011-A41E-005056BD3748",עין הוד
"21F6E6A8-C870-E011-A41E-005056BD3748",עין החורש
"23F6E6A8-C870-E011-A41E-005056BD3748",עין המפרץ
"25F6E6A8-C870-E011-A41E-005056BD3748","עין הנצי""ב"
"27F6E6A8-C870-E011-A41E-005056BD3748",עין העמק
"29F6E6A8-C870-E011-A41E-005056BD3748",עין השופט
"2BF6E6A8-C870-E011-A41E-005056BD3748",עין השלושה
"2DF6E6A8-C870-E011-A41E-005056BD3748",עין ורד
"2FF6E6A8-C870-E011-A41E-005056BD3748",עין זיוון
"31F6E6A8-C870-E011-A41E-005056BD3748",עין חוד
"33F6E6A8-C870-E011-A41E-005056BD3748",עין חצבה
"35F6E6A8-C870-E011-A41E-005056BD3748",עין חרוד (איחוד)
"37F6E6A8-C870-E011-A41E-005056BD3748",עין חרוד(מאוחד)
"39F6E6A8-C870-E011-A41E-005056BD3748",עין יהב
"3BF6E6A8-C870-E011-A41E-005056BD3748",עין יעקב
"3DF6E6A8-C870-E011-A41E-005056BD3748","עין כרם-בי""ס חקלאי"
"3FF6E6A8-C870-E011-A41E-005056BD3748",עין כרמל
"41F6E6A8-C870-E011-A41E-005056BD3748",עין מאהל
"43F6E6A8-C870-E011-A41E-005056BD3748",עין נקובא
"45F6E6A8-C870-E011-A41E-005056BD3748",עין עירון
"47F6E6A8-C870-E011-A41E-005056BD3748",עין צורים
"49F6E6A8-C870-E011-A41E-005056BD3748",עין קנייא
"4BF6E6A8-C870-E011-A41E-005056BD3748",עין ראפה
"4DF6E6A8-C870-E011-A41E-005056BD3748",עין שמר
"4FF6E6A8-C870-E011-A41E-005056BD3748",עין שריד
"51F6E6A8-C870-E011-A41E-005056BD3748",עין תמר
"53F6E6A8-C870-E011-A41E-005056BD3748",עינת
"55F6E6A8-C870-E011-A41E-005056BD3748",עיר אובות
"57F6E6A8-C870-E011-A41E-005056BD3748",עיר כרמל
"59F6E6A8-C870-E011-A41E-005056BD3748",עכו
"5BF6E6A8-C870-E011-A41E-005056BD3748",עלומים
"5DF6E6A8-C870-E011-A41E-005056BD3748",עלי
"5FF6E6A8-C870-E011-A41E-005056BD3748",עלי זהב
"61F6E6A8-C870-E011-A41E-005056BD3748",עלמה
"63F6E6A8-C870-E011-A41E-005056BD3748",עלמון
"65F6E6A8-C870-E011-A41E-005056BD3748",עמוקה
"67F6E6A8-C870-E011-A41E-005056BD3748",עמינדב
"69F6E6A8-C870-E011-A41E-005056BD3748",עמיעד
"6BF6E6A8-C870-E011-A41E-005056BD3748",עמיעוז
"6DF6E6A8-C870-E011-A41E-005056BD3748",עמיקם
"6FF6E6A8-C870-E011-A41E-005056BD3748",עמיר
